fecha,sku,unidades,precio,promocion
2023-10-01,VEL,8,21500,0
2023-10-01,NOR,12,34900,0
2023-10-01,VOL,4,39900,0
2023-10-01,ARI,8,31200,0
2023-10-01,BRI,4,27800,0
2023-10-02,VEL,35,21500,0
2023-10-02,NOR,35,34900,0
2023-10-02,VOL,12,39900,0
2023-10-02,ARI,13,31200,0
2023-10-02,BRI,13,27800,0
2023-10-03,VEL,41,21500,0
2023-10-03,NOR,36,34900,0
2023-10-03,VOL,8,39900,0
2023-10-03,ARI,17,31200,0
2023-10-03,BRI,14,27800,0
2023-10-04,VEL,33,21500,0
2023-10-04,NOR,56,34900,0
2023-10-04,VOL,10,39900,0
2023-10-04,ARI,23,31200,0
2023-10-04,BRI,14,27800,0
2023-10-05,VEL,46,21500,0
2023-10-05,NOR,60,34900,0
2023-10-05,VOL,15,39900,0
2023-10-05,ARI,30,31200,0
2023-10-05,BRI,15,27800,0
2023-10-06,VEL,31,21500,0
2023-10-06,NOR,66,34900,0
2023-10-06,VOL,17,39900,0
2023-10-06,ARI,17,31200,0
2023-10-06,BRI,14,27800,0
2023-10-07,VEL,40,21500,0
2023-10-07,NOR,56,34900,0
2023-10-07,VOL,18,39900,0
2023-10-07,ARI,26,31200,0
2023-10-07,BRI,20,27800,0
2023-10-08,VEL,16,21500,0
2023-10-08,NOR,16,34900,0
2023-10-08,VOL,5,39900,0
2023-10-08,ARI,7,31200,0
2023-10-08,BRI,5,27800,0
2023-10-09,VEL,35,21500,0
2023-10-09,NOR,38,34900,0
2023-10-09,VOL,14,39900,0
2023-10-09,ARI,28,31200,0
2023-10-09,BRI,11,27800,0
2023-10-10,VEL,32,21500,0
2023-10-10,NOR,55,34900,0
2023-10-10,VOL,10,39900,0
2023-10-10,ARI,19,31200,0
2023-10-10,BRI,16,27800,0
2023-10-11,VEL,48,21500,0
2023-10-11,NOR,74,34900,0
2023-10-11,VOL,13,39900,0
2023-10-11,ARI,18,31200,0
2023-10-11,BRI,20,27800,0
2023-10-12,VEL,32,21500,0
2023-10-12,NOR,50,34900,0
2023-10-12,VOL,15,39900,0
2023-10-12,ARI,21,31200,0
2023-10-12,BRI,19,27800,0
2023-10-13,VEL,32,21500,0
2023-10-13,NOR,64,34900,0
2023-10-13,VOL,17,39900,0
2023-10-13,ARI,17,31200,0
2023-10-13,BRI,16,27800,0
2023-10-14,VEL,23,21500,0
2023-10-14,NOR,41,34900,0
2023-10-14,VOL,13,39900,0
2023-10-14,ARI,25,31200,0
2023-10-14,BRI,12,27800,0
2023-10-15,VEL,12,21500,0
2023-10-15,NOR,20,34900,0
2023-10-15,VOL,3,39900,0
2023-10-15,ARI,9,31200,0
2023-10-15,BRI,6,27800,0
2023-10-16,VEL,34,21500,0
2023-10-16,NOR,55,34900,0
2023-10-16,VOL,9,39900,0
2023-10-16,ARI,20,31200,0
2023-10-16,BRI,14,27800,0
2023-10-17,VEL,36,21500,0
2023-10-17,NOR,49,34900,0
2023-10-17,VOL,18,39900,0
2023-10-17,ARI,25,31200,0
2023-10-17,BRI,12,27800,0
2023-10-18,VEL,40,21500,0
2023-10-18,NOR,53,34900,0
2023-10-18,VOL,15,39900,0
2023-10-18,ARI,24,31200,0
2023-10-18,BRI,16,27800,0
2023-10-19,VEL,32,21500,0
2023-10-19,NOR,57,34900,0
2023-10-19,VOL,11,39900,0
2023-10-19,ARI,26,31200,0
2023-10-19,BRI,18,27800,0
2023-10-20,VEL,33,21500,0
2023-10-20,NOR,45,34900,0
2023-10-20,VOL,10,39900,0
2023-10-20,ARI,32,31200,0
2023-10-20,BRI,13,27800,0
2023-10-21,VEL,42,21500,0
2023-10-21,NOR,54,34900,0
2023-10-21,VOL,12,39900,0
2023-10-21,ARI,31,31200,0
2023-10-21,BRI,18,27800,0
2023-10-22,VEL,10,21500,0
2023-10-22,NOR,20,34900,0
2023-10-22,VOL,3,39900,0
2023-10-22,ARI,7,31200,0
2023-10-22,BRI,6,27800,0
2023-10-23,VEL,37,21500,0
2023-10-23,NOR,41,34900,0
2023-10-23,VOL,10,39900,0
2023-10-23,ARI,28,31200,0
2023-10-23,BRI,14,27800,0
2023-10-24,VEL,34,21500,0
2023-10-24,NOR,63,34900,0
2023-10-24,VOL,11,39900,0
2023-10-24,ARI,24,31200,0
2023-10-24,BRI,18,27800,0
2023-10-25,VEL,34,21500,0
2023-10-25,NOR,49,34900,0
2023-10-25,VOL,7,39900,0
2023-10-25,ARI,30,31200,0
2023-10-25,BRI,19,27800,0
2023-10-26,VEL,42,21500,0
2023-10-26,NOR,37,34900,0
2023-10-26,VOL,11,39900,0
2023-10-26,ARI,13,31200,0
2023-10-26,BRI,14,27800,0
2023-10-27,VEL,25,21500,0
2023-10-27,NOR,57,34900,0
2023-10-27,VOL,15,39900,0
2023-10-27,ARI,22,31200,0
2023-10-27,BRI,15,27800,0
2023-10-28,VEL,48,21500,0
2023-10-28,NOR,60,34900,0
2023-10-28,VOL,16,39900,0
2023-10-28,ARI,22,31200,0
2023-10-28,BRI,16,27800,0
2023-10-29,VEL,7,21500,0
2023-10-29,NOR,17,34900,0
2023-10-29,VOL,4,39900,0
2023-10-29,ARI,7,31200,0
2023-10-29,BRI,2,27800,0
2023-10-30,VEL,41,21500,0
2023-10-30,NOR,26,34900,0
2023-10-30,VOL,11,39900,0
2023-10-30,ARI,21,31200,0
2023-10-30,BRI,21,27800,0
2023-10-31,VEL,32,21500,0
2023-10-31,NOR,32,34900,0
2023-10-31,VOL,15,39900,0
2023-10-31,ARI,21,31200,0
2023-10-31,BRI,19,27800,0
2023-11-01,VEL,38,21500,0
2023-11-01,NOR,50,34900,0
2023-11-01,VOL,14,39900,0
2023-11-01,ARI,19,31200,0
2023-11-01,BRI,22,27800,0
2023-11-02,VEL,29,21500,0
2023-11-02,NOR,54,34900,0
2023-11-02,VOL,15,39900,0
2023-11-02,ARI,17,31200,0
2023-11-02,BRI,18,27800,0
2023-11-03,VEL,25,21500,0
2023-11-03,NOR,57,34900,0
2023-11-03,VOL,15,39900,0
2023-11-03,ARI,20,31200,0
2023-11-03,BRI,25,27800,0
2023-11-04,VEL,30,21500,0
2023-11-04,NOR,58,34900,0
2023-11-04,VOL,19,39900,0
2023-11-04,ARI,24,31200,0
2023-11-04,BRI,15,27800,0
2023-11-05,VEL,11,21500,0
2023-11-05,NOR,17,34900,0
2023-11-05,VOL,5,39900,0
2023-11-05,ARI,6,31200,0
2023-11-05,BRI,6,27800,0
2023-11-06,VEL,30,21500,0
2023-11-06,NOR,62,34900,0
2023-11-06,VOL,14,39900,0
2023-11-06,ARI,17,31200,0
2023-11-06,BRI,17,27800,0
2023-11-07,VEL,33,21500,0
2023-11-07,NOR,61,34900,0
2023-11-07,VOL,15,39900,0
2023-11-07,ARI,25,31200,0
2023-11-07,BRI,12,27800,0
2023-11-08,VEL,33,21500,0
2023-11-08,NOR,51,34900,0
2023-11-08,VOL,14,39900,0
2023-11-08,ARI,19,31200,0
2023-11-08,BRI,17,27800,0
2023-11-09,VEL,47,21500,0
2023-11-09,NOR,47,34900,0
2023-11-09,VOL,10,39900,0
2023-11-09,ARI,17,31200,0
2023-11-09,BRI,14,27800,0
2023-11-10,VEL,27,21500,0
2023-11-10,NOR,44,34900,0
2023-11-10,VOL,15,39900,0
2023-11-10,ARI,23,31200,0
2023-11-10,BRI,26,27800,0
2023-11-11,VEL,47,21500,0
2023-11-11,NOR,74,34900,0
2023-11-11,VOL,15,39900,0
2023-11-11,ARI,17,31200,0
2023-11-11,BRI,22,27800,0
2023-11-12,VEL,15,21500,0
2023-11-12,NOR,22,34900,0
2023-11-12,VOL,3,39900,0
2023-11-12,ARI,8,31200,0
2023-11-12,BRI,6,27800,0
2023-11-13,VEL,36,21500,0
2023-11-13,NOR,36,34900,0
2023-11-13,VOL,9,39900,0
2023-11-13,ARI,17,31200,0
2023-11-13,BRI,25,27800,0
2023-11-14,VEL,35,21500,0
2023-11-14,NOR,43,34900,0
2023-11-14,VOL,10,39900,0
2023-11-14,ARI,25,31200,0
2023-11-14,BRI,13,27800,0
2023-11-15,VEL,40,21500,0
2023-11-15,NOR,54,34900,0
2023-11-15,VOL,12,39900,0
2023-11-15,ARI,28,31200,0
2023-11-15,BRI,12,27800,0
2023-11-16,VEL,25,21500,0
2023-11-16,NOR,58,34900,0
2023-11-16,VOL,11,39900,0
2023-11-16,ARI,26,31200,0
2023-11-16,BRI,18,27800,0
2023-11-17,VEL,40,21500,0
2023-11-17,NOR,68,34900,0
2023-11-17,VOL,15,39900,0
2023-11-17,ARI,31,31200,0
2023-11-17,BRI,17,27800,0
2023-11-18,VEL,37,21500,0
2023-11-18,NOR,58,34900,0
2023-11-18,VOL,15,39900,0
2023-11-18,ARI,26,31200,0
2023-11-18,BRI,17,27800,0
2023-11-19,VEL,11,21500,0
2023-11-19,NOR,13,34900,0
2023-11-19,VOL,4,39900,0
2023-11-19,ARI,9,31200,0
2023-11-19,BRI,4,27800,0
2023-11-20,VEL,47,21500,0
2023-11-20,NOR,50,34900,0
2023-11-20,VOL,10,39900,0
2023-11-20,ARI,22,31200,0
2023-11-20,BRI,11,27800,0
2023-11-21,VEL,37,21500,0
2023-11-21,NOR,26,34900,0
2023-11-21,VOL,12,39900,0
2023-11-21,ARI,29,31200,0
2023-11-21,BRI,16,27800,0
2023-11-22,VEL,26,21500,0
2023-11-22,NOR,63,34900,0
2023-11-22,VOL,10,39900,0
2023-11-22,ARI,18,31200,0
2023-11-22,BRI,17,27800,0
2023-11-23,VEL,28,21500,0
2023-11-23,NOR,66,34900,0
2023-11-23,VOL,13,39900,0
2023-11-23,ARI,19,31200,0
2023-11-23,BRI,11,27800,0
2023-11-24,VEL,47,21500,0
2023-11-24,NOR,52,34900,0
2023-11-24,VOL,14,39900,0
2023-11-24,ARI,29,31200,0
2023-11-24,BRI,20,27800,0
2023-11-25,VEL,42,21500,0
2023-11-25,NOR,67,34900,0
2023-11-25,VOL,13,39900,0
2023-11-25,ARI,23,31200,0
2023-11-25,BRI,31,27800,0
2023-11-26,VEL,12,21500,0
2023-11-26,NOR,15,34900,0
2023-11-26,VOL,5,39900,0
2023-11-26,ARI,8,31200,0
2023-11-26,BRI,4,27800,0
2023-11-27,VEL,29,21500,0
2023-11-27,NOR,48,34900,0
2023-11-27,VOL,14,39900,0
2023-11-27,ARI,24,31200,0
2023-11-27,BRI,17,27800,0
2023-11-28,VEL,23,21500,0
2023-11-28,NOR,46,34900,0
2023-11-28,VOL,14,39900,0
2023-11-28,ARI,18,31200,0
2023-11-28,BRI,23,27800,0
2023-11-29,VEL,43,21500,0
2023-11-29,NOR,39,34900,0
2023-11-29,VOL,13,39900,0
2023-11-29,ARI,22,31200,0
2023-11-29,BRI,15,27800,0
2023-11-30,VEL,32,21500,0
2023-11-30,NOR,57,34900,0
2023-11-30,VOL,11,39900,0
2023-11-30,ARI,30,31200,0
2023-11-30,BRI,19,27800,0
2023-12-01,VEL,46,21500,0
2023-12-01,NOR,45,34900,0
2023-12-01,VOL,17,39900,0
2023-12-01,ARI,20,31200,0
2023-12-01,BRI,28,27800,0
2023-12-02,VEL,37,21500,0
2023-12-02,NOR,65,34900,0
2023-12-02,VOL,18,39900,0
2023-12-02,ARI,29,31200,0
2023-12-02,BRI,17,27800,0
2023-12-03,VEL,9,21500,0
2023-12-03,NOR,14,34900,0
2023-12-03,VOL,5,39900,0
2023-12-03,ARI,4,31200,0
2023-12-03,BRI,7,27800,0
2023-12-04,VEL,18,21500,0
2023-12-04,NOR,62,34900,0
2023-12-04,VOL,16,39900,0
2023-12-04,ARI,29,31200,0
2023-12-04,BRI,17,27800,0
2023-12-05,VEL,35,21500,0
2023-12-05,NOR,34,34900,0
2023-12-05,VOL,12,39900,0
2023-12-05,ARI,23,31200,0
2023-12-05,BRI,22,27800,0
2023-12-06,VEL,45,21500,0
2023-12-06,NOR,69,34900,0
2023-12-06,VOL,16,39900,0
2023-12-06,ARI,24,31200,0
2023-12-06,BRI,20,27800,0
2023-12-07,VEL,44,21500,0
2023-12-07,NOR,50,34900,0
2023-12-07,VOL,16,39900,0
2023-12-07,ARI,28,31200,0
2023-12-07,BRI,17,27800,0
2023-12-08,VEL,39,21500,0
2023-12-08,NOR,68,34900,0
2023-12-08,VOL,18,39900,0
2023-12-08,ARI,20,31200,0
2023-12-08,BRI,15,27800,0
2023-12-09,VEL,40,21500,0
2023-12-09,NOR,59,34900,0
2023-12-09,VOL,17,39900,0
2023-12-09,ARI,27,31200,0
2023-12-09,BRI,19,27800,0
2023-12-10,VEL,12,21500,0
2023-12-10,NOR,14,34900,0
2023-12-10,VOL,4,39900,0
2023-12-10,ARI,8,31200,0
2023-12-10,BRI,7,27800,0
2023-12-11,VEL,34,21500,0
2023-12-11,NOR,46,34900,0
2023-12-11,VOL,16,39900,0
2023-12-11,ARI,22,31200,0
2023-12-11,BRI,14,27800,0
2023-12-12,VEL,27,21500,0
2023-12-12,NOR,58,34900,0
2023-12-12,VOL,15,39900,0
2023-12-12,ARI,21,31200,0
2023-12-12,BRI,23,27800,0
2023-12-13,VEL,39,21500,0
2023-12-13,NOR,56,34900,0
2023-12-13,VOL,13,39900,0
2023-12-13,ARI,22,31200,0
2023-12-13,BRI,16,27800,0
2023-12-14,VEL,50,21500,0
2023-12-14,NOR,54,34900,0
2023-12-14,VOL,18,39900,0
2023-12-14,ARI,37,31200,0
2023-12-14,BRI,16,27800,0
2023-12-15,VEL,48,21500,0
2023-12-15,NOR,60,34900,0
2023-12-15,VOL,16,39900,0
2023-12-15,ARI,25,31200,0
2023-12-15,BRI,16,27800,0
2023-12-16,VEL,52,21500,0
2023-12-16,NOR,63,34900,0
2023-12-16,VOL,19,39900,0
2023-12-16,ARI,36,31200,0
2023-12-16,BRI,17,27800,0
2023-12-17,VEL,13,21500,0
2023-12-17,NOR,20,34900,0
2023-12-17,VOL,5,39900,0
2023-12-17,ARI,5,31200,0
2023-12-17,BRI,8,27800,0
2023-12-18,VEL,43,21500,0
2023-12-18,NOR,55,34900,0
2023-12-18,VOL,14,39900,0
2023-12-18,ARI,24,31200,0
2023-12-18,BRI,21,27800,0
2023-12-19,VEL,39,21500,0
2023-12-19,NOR,65,34900,0
2023-12-19,VOL,16,39900,0
2023-12-19,ARI,22,31200,0
2023-12-19,BRI,20,27800,0
2023-12-20,VEL,34,21500,0
2023-12-20,NOR,44,34900,0
2023-12-20,VOL,18,39900,0
2023-12-20,ARI,29,31200,0
2023-12-20,BRI,20,27800,0
2023-12-21,VEL,18,21500,0
2023-12-21,NOR,64,34900,0
2023-12-21,VOL,17,39900,0
2023-12-21,ARI,27,31200,0
2023-12-21,BRI,26,27800,0
2023-12-22,VEL,37,21500,0
2023-12-22,NOR,68,34900,0
2023-12-22,VOL,15,39900,0
2023-12-22,ARI,19,31200,0
2023-12-22,BRI,20,27800,0
2023-12-23,VEL,42,21500,0
2023-12-23,NOR,62,34900,0
2023-12-23,VOL,21,39900,0
2023-12-23,ARI,25,31200,0
2023-12-23,BRI,23,27800,0
2023-12-24,VEL,13,21500,0
2023-12-24,NOR,22,34900,0
2023-12-24,VOL,5,39900,0
2023-12-24,ARI,8,31200,0
2023-12-24,BRI,8,27800,0
2023-12-25,VEL,41,21500,0
2023-12-25,NOR,60,34900,0
2023-12-25,VOL,19,39900,0
2023-12-25,ARI,24,31200,0
2023-12-25,BRI,20,27800,0
2023-12-26,VEL,38,21500,0
2023-12-26,NOR,35,34900,0
2023-12-26,VOL,18,39900,0
2023-12-26,ARI,23,31200,0
2023-12-26,BRI,18,27800,0
2023-12-27,VEL,20,21500,0
2023-12-27,NOR,41,34900,0
2023-12-27,VOL,13,39900,0
2023-12-27,ARI,21,31200,0
2023-12-27,BRI,14,27800,0
2023-12-28,VEL,38,21500,0
2023-12-28,NOR,56,34900,0
2023-12-28,VOL,16,39900,0
2023-12-28,ARI,27,31200,0
2023-12-28,BRI,19,27800,0
2023-12-29,VEL,64,21500,0
2023-12-29,NOR,63,34900,0
2023-12-29,VOL,12,39900,0
2023-12-29,ARI,22,31200,0
2023-12-29,BRI,17,27800,0
2023-12-30,VEL,32,21500,0
2023-12-30,NOR,67,34900,0
2023-12-30,VOL,16,39900,0
2023-12-30,ARI,23,31200,0
2023-12-30,BRI,28,27800,0
2023-12-31,VEL,11,21500,0
2023-12-31,NOR,25,34900,0
2023-12-31,VOL,5,39900,0
2023-12-31,ARI,10,31200,0
2023-12-31,BRI,6,27800,0
2024-01-01,VEL,34,21500,0
2024-01-01,NOR,35,34900,0
2024-01-01,VOL,12,39900,0
2024-01-01,ARI,12,31200,0
2024-01-01,BRI,14,27800,0
2024-01-02,VEL,33,21500,0
2024-01-02,NOR,38,34900,0
2024-01-02,VOL,15,39900,0
2024-01-02,ARI,22,31200,0
2024-01-02,BRI,21,27800,0
2024-01-03,VEL,17,21500,0
2024-01-03,NOR,32,34900,0
2024-01-03,VOL,10,39900,0
2024-01-03,ARI,16,31200,0
2024-01-03,BRI,12,27800,0
2024-01-04,VEL,24,21500,0
2024-01-04,NOR,54,34900,0
2024-01-04,VOL,15,39900,0
2024-01-04,ARI,17,31200,0
2024-01-04,BRI,13,27800,0
2024-01-05,VEL,29,21500,0
2024-01-05,NOR,62,34900,0
2024-01-05,VOL,16,39900,0
2024-01-05,ARI,22,31200,0
2024-01-05,BRI,16,27800,0
2024-01-06,VEL,49,21500,0
2024-01-06,NOR,59,34900,0
2024-01-06,VOL,15,39900,0
2024-01-06,ARI,17,31200,0
2024-01-06,BRI,13,27800,0
2024-01-07,VEL,11,21500,0
2024-01-07,NOR,12,34900,0
2024-01-07,VOL,6,39900,0
2024-01-07,ARI,9,31200,0
2024-01-07,BRI,5,27800,0
2024-01-08,VEL,28,21500,0
2024-01-08,NOR,47,34900,0
2024-01-08,VOL,16,39900,0
2024-01-08,ARI,15,31200,0
2024-01-08,BRI,15,27800,0
2024-01-09,VEL,23,21500,0
2024-01-09,NOR,40,34900,0
2024-01-09,VOL,16,39900,0
2024-01-09,ARI,16,31200,0
2024-01-09,BRI,15,27800,0
2024-01-10,VEL,29,21500,0
2024-01-10,NOR,41,34900,0
2024-01-10,VOL,11,39900,0
2024-01-10,ARI,20,31200,0
2024-01-10,BRI,20,27800,0
2024-01-11,VEL,26,21500,0
2024-01-11,NOR,52,34900,0
2024-01-11,VOL,15,39900,0
2024-01-11,ARI,24,31200,0
2024-01-11,BRI,11,27800,0
2024-01-12,VEL,27,21500,0
2024-01-12,NOR,32,34900,0
2024-01-12,VOL,13,39900,0
2024-01-12,ARI,20,31200,0
2024-01-12,BRI,21,27800,0
2024-01-13,VEL,49,21500,0
2024-01-13,NOR,68,34900,0
2024-01-13,VOL,15,39900,0
2024-01-13,ARI,19,31200,0
2024-01-13,BRI,18,27800,0
2024-01-14,VEL,15,21500,0
2024-01-14,NOR,12,34900,0
2024-01-14,VOL,6,39900,0
2024-01-14,ARI,6,31200,0
2024-01-14,BRI,6,27800,0
2024-01-15,VEL,21,21500,0
2024-01-15,NOR,54,34900,0
2024-01-15,VOL,15,39900,0
2024-01-15,ARI,19,31200,0
2024-01-15,BRI,20,27800,0
2024-01-16,VEL,21,21500,0
2024-01-16,NOR,55,34900,0
2024-01-16,VOL,13,39900,0
2024-01-16,ARI,16,31200,0
2024-01-16,BRI,13,27800,0
2024-01-17,VEL,41,21500,0
2024-01-17,NOR,35,34900,0
2024-01-17,VOL,9,39900,0
2024-01-17,ARI,17,31200,0
2024-01-17,BRI,14,27800,0
2024-01-18,VEL,26,21500,0
2024-01-18,NOR,43,34900,0
2024-01-18,VOL,10,39900,0
2024-01-18,ARI,14,31200,0
2024-01-18,BRI,18,27800,0
2024-01-19,VEL,32,21500,0
2024-01-19,NOR,26,34900,0
2024-01-19,VOL,13,39900,0
2024-01-19,ARI,22,31200,0
2024-01-19,BRI,12,27800,0
2024-01-20,VEL,29,21500,0
2024-01-20,NOR,71,34900,0
2024-01-20,VOL,10,39900,0
2024-01-20,ARI,26,31200,0
2024-01-20,BRI,18,27800,0
2024-01-21,VEL,10,21500,0
2024-01-21,NOR,12,34900,0
2024-01-21,VOL,4,39900,0
2024-01-21,ARI,6,31200,0
2024-01-21,BRI,5,27800,0
2024-01-22,VEL,35,21500,0
2024-01-22,NOR,41,34900,0
2024-01-22,VOL,14,39900,0
2024-01-22,ARI,20,31200,0
2024-01-22,BRI,17,27800,0
2024-01-23,VEL,30,21500,0
2024-01-23,NOR,37,34900,0
2024-01-23,VOL,11,39900,0
2024-01-23,ARI,13,31200,0
2024-01-23,BRI,19,27800,0
2024-01-24,VEL,41,21500,0
2024-01-24,NOR,39,34900,0
2024-01-24,VOL,12,39900,0
2024-01-24,ARI,15,31200,0
2024-01-24,BRI,16,27800,0
2024-01-25,VEL,26,21500,0
2024-01-25,NOR,42,34900,0
2024-01-25,VOL,14,39900,0
2024-01-25,ARI,18,31200,0
2024-01-25,BRI,11,27800,0
2024-01-26,VEL,50,21500,0
2024-01-26,NOR,58,34900,0
2024-01-26,VOL,10,39900,0
2024-01-26,ARI,26,31200,0
2024-01-26,BRI,14,27800,0
2024-01-27,VEL,39,21500,0
2024-01-27,NOR,65,34900,0
2024-01-27,VOL,15,39900,0
2024-01-27,ARI,14,31200,0
2024-01-27,BRI,21,27800,0
2024-01-28,VEL,12,21500,0
2024-01-28,NOR,15,34900,0
2024-01-28,VOL,6,39900,0
2024-01-28,ARI,6,31200,0
2024-01-28,BRI,6,27800,0
2024-01-29,VEL,28,21500,0
2024-01-29,NOR,53,34900,0
2024-01-29,VOL,10,39900,0
2024-01-29,ARI,18,31200,0
2024-01-29,BRI,18,27800,0
2024-01-30,VEL,27,21500,0
2024-01-30,NOR,33,34900,0
2024-01-30,VOL,12,39900,0
2024-01-30,ARI,17,31200,0
2024-01-30,BRI,15,27800,0
2024-01-31,VEL,43,21500,0
2024-01-31,NOR,38,34900,0
2024-01-31,VOL,12,39900,0
2024-01-31,ARI,17,31200,0
2024-01-31,BRI,6,27800,0
2024-02-01,VEL,29,21500,0
2024-02-01,NOR,45,34900,0
2024-02-01,VOL,13,39900,0
2024-02-01,ARI,21,31200,0
2024-02-01,BRI,11,27800,0
2024-02-02,VEL,41,21500,0
2024-02-02,NOR,45,34900,0
2024-02-02,VOL,15,39900,0
2024-02-02,ARI,28,31200,0
2024-02-02,BRI,19,27800,0
2024-02-03,VEL,44,21500,0
2024-02-03,NOR,46,34900,0
2024-02-03,VOL,15,39900,0
2024-02-03,ARI,17,31200,0
2024-02-03,BRI,24,27800,0
2024-02-04,VEL,9,21500,0
2024-02-04,NOR,16,34900,0
2024-02-04,VOL,3,39900,0
2024-02-04,ARI,6,31200,0
2024-02-04,BRI,5,27800,0
2024-02-05,VEL,36,21500,0
2024-02-05,NOR,36,34900,0
2024-02-05,VOL,13,39900,0
2024-02-05,ARI,21,31200,0
2024-02-05,BRI,19,27800,0
2024-02-06,VEL,33,21500,0
2024-02-06,NOR,35,34900,0
2024-02-06,VOL,12,39900,0
2024-02-06,ARI,21,31200,0
2024-02-06,BRI,21,27800,0
2024-02-07,VEL,35,21500,0
2024-02-07,NOR,53,34900,0
2024-02-07,VOL,16,39900,0
2024-02-07,ARI,15,31200,0
2024-02-07,BRI,13,27800,0
2024-02-08,VEL,48,21500,0
2024-02-08,NOR,54,34900,0
2024-02-08,VOL,16,39900,0
2024-02-08,ARI,17,31200,0
2024-02-08,BRI,15,27800,0
2024-02-09,VEL,32,21500,0
2024-02-09,NOR,60,34900,0
2024-02-09,VOL,18,39900,0
2024-02-09,ARI,22,31200,0
2024-02-09,BRI,12,27800,0
2024-02-10,VEL,50,21500,0
2024-02-10,NOR,54,34900,0
2024-02-10,VOL,11,39900,0
2024-02-10,ARI,28,31200,0
2024-02-10,BRI,24,27800,0
2024-02-11,VEL,16,21500,0
2024-02-11,NOR,5,34900,0
2024-02-11,VOL,5,39900,0
2024-02-11,ARI,5,31200,0
2024-02-11,BRI,6,27800,0
2024-02-12,VEL,34,21500,0
2024-02-12,NOR,66,34900,0
2024-02-12,VOL,12,39900,0
2024-02-12,ARI,20,31200,0
2024-02-12,BRI,17,27800,0
2024-02-13,VEL,38,21500,0
2024-02-13,NOR,53,34900,0
2024-02-13,VOL,12,39900,0
2024-02-13,ARI,18,31200,0
2024-02-13,BRI,13,27800,0
2024-02-14,VEL,37,21500,0
2024-02-14,NOR,52,34900,0
2024-02-14,VOL,18,39900,0
2024-02-14,ARI,16,31200,0
2024-02-14,BRI,18,27800,0
2024-02-15,VEL,33,21500,0
2024-02-15,NOR,43,34900,0
2024-02-15,VOL,10,39900,0
2024-02-15,ARI,24,31200,0
2024-02-15,BRI,20,27800,0
2024-02-16,VEL,33,21500,0
2024-02-16,NOR,53,34900,0
2024-02-16,VOL,15,39900,0
2024-02-16,ARI,24,31200,0
2024-02-16,BRI,19,27800,0
2024-02-17,VEL,25,21500,0
2024-02-17,NOR,48,34900,0
2024-02-17,VOL,11,39900,0
2024-02-17,ARI,25,31200,0
2024-02-17,BRI,21,27800,0
2024-02-18,VEL,12,21500,0
2024-02-18,NOR,15,34900,0
2024-02-18,VOL,6,39900,0
2024-02-18,ARI,7,31200,0
2024-02-18,BRI,3,27800,0
2024-02-19,VEL,28,21500,0
2024-02-19,NOR,49,34900,0
2024-02-19,VOL,11,39900,0
2024-02-19,ARI,19,31200,0
2024-02-19,BRI,15,27800,0
2024-02-20,VEL,33,21500,0
2024-02-20,NOR,49,34900,0
2024-02-20,VOL,15,39900,0
2024-02-20,ARI,14,31200,0
2024-02-20,BRI,14,27800,0
2024-02-21,VEL,29,21500,0
2024-02-21,NOR,48,34900,0
2024-02-21,VOL,14,39900,0
2024-02-21,ARI,24,31200,0
2024-02-21,BRI,17,27800,0
2024-02-22,VEL,25,21500,0
2024-02-22,NOR,55,34900,0
2024-02-22,VOL,8,39900,0
2024-02-22,ARI,22,31200,0
2024-02-22,BRI,17,27800,0
2024-02-23,VEL,39,21500,0
2024-02-23,NOR,58,34900,0
2024-02-23,VOL,15,39900,0
2024-02-23,ARI,23,31200,0
2024-02-23,BRI,21,27800,0
2024-02-24,VEL,33,21500,0
2024-02-24,NOR,61,34900,0
2024-02-24,VOL,19,39900,0
2024-02-24,ARI,14,31200,0
2024-02-24,BRI,17,27800,0
2024-02-25,VEL,6,21500,0
2024-02-25,NOR,14,34900,0
2024-02-25,VOL,6,39900,0
2024-02-25,ARI,7,31200,0
2024-02-25,BRI,3,27800,0
2024-02-26,VEL,29,21500,0
2024-02-26,NOR,34,34900,0
2024-02-26,VOL,13,39900,0
2024-02-26,ARI,22,31200,0
2024-02-26,BRI,12,27800,0
2024-02-27,VEL,37,21500,0
2024-02-27,NOR,61,34900,0
2024-02-27,VOL,16,39900,0
2024-02-27,ARI,18,31200,0
2024-02-27,BRI,14,27800,0
2024-02-28,VEL,28,21500,0
2024-02-28,NOR,49,34900,0
2024-02-28,VOL,10,39900,0
2024-02-28,ARI,19,31200,0
2024-02-28,BRI,21,27800,0
2024-02-29,VEL,42,21500,0
2024-02-29,NOR,37,34900,0
2024-02-29,VOL,15,39900,0
2024-02-29,ARI,28,31200,0
2024-02-29,BRI,15,27800,0
2024-03-01,VEL,60,21500,0
2024-03-01,NOR,54,34900,0
2024-03-01,VOL,14,39900,0
2024-03-01,ARI,27,31200,0
2024-03-01,BRI,23,27800,0
2024-03-02,VEL,62,21500,0
2024-03-02,NOR,51,34900,0
2024-03-02,VOL,13,39900,0
2024-03-02,ARI,21,31200,0
2024-03-02,BRI,21,27800,0
2024-03-03,VEL,10,21500,0
2024-03-03,NOR,15,34900,0
2024-03-03,VOL,5,39900,0
2024-03-03,ARI,11,31200,0
2024-03-03,BRI,6,27800,0
2024-03-04,VEL,31,21500,0
2024-03-04,NOR,78,34900,0
2024-03-04,VOL,18,39900,0
2024-03-04,ARI,18,31200,0
2024-03-04,BRI,27,27800,0
2024-03-05,VEL,35,21500,0
2024-03-05,NOR,44,34900,0
2024-03-05,VOL,19,39900,0
2024-03-05,ARI,27,31200,0
2024-03-05,BRI,20,27800,0
2024-03-06,VEL,39,21500,0
2024-03-06,NOR,53,34900,0
2024-03-06,VOL,16,39900,0
2024-03-06,ARI,28,31200,0
2024-03-06,BRI,20,27800,0
2024-03-07,VEL,38,21500,0
2024-03-07,NOR,62,34900,0
2024-03-07,VOL,16,39900,0
2024-03-07,ARI,22,31200,0
2024-03-07,BRI,18,27800,0
2024-03-08,VEL,51,21500,0
2024-03-08,NOR,69,34900,0
2024-03-08,VOL,20,39900,0
2024-03-08,ARI,29,31200,0
2024-03-08,BRI,27,27800,0
2024-03-09,VEL,58,21500,0
2024-03-09,NOR,69,34900,0
2024-03-09,VOL,13,39900,0
2024-03-09,ARI,32,31200,0
2024-03-09,BRI,22,27800,0
2024-03-10,VEL,12,21500,0
2024-03-10,NOR,15,34900,0
2024-03-10,VOL,5,39900,0
2024-03-10,ARI,7,31200,0
2024-03-10,BRI,6,27800,0
2024-03-11,VEL,44,21500,0
2024-03-11,NOR,67,34900,0
2024-03-11,VOL,16,39900,0
2024-03-11,ARI,20,31200,0
2024-03-11,BRI,10,27800,0
2024-03-12,VEL,39,21500,0
2024-03-12,NOR,62,34900,0
2024-03-12,VOL,21,39900,0
2024-03-12,ARI,23,31200,0
2024-03-12,BRI,21,27800,0
2024-03-13,VEL,29,21500,0
2024-03-13,NOR,67,34900,0
2024-03-13,VOL,12,39900,0
2024-03-13,ARI,19,31200,0
2024-03-13,BRI,20,27800,0
2024-03-14,VEL,54,21500,0
2024-03-14,NOR,53,34900,0
2024-03-14,VOL,16,39900,0
2024-03-14,ARI,13,31200,0
2024-03-14,BRI,20,27800,0
2024-03-15,VEL,48,21500,0
2024-03-15,NOR,61,34900,0
2024-03-15,VOL,21,39900,0
2024-03-15,ARI,22,31200,0
2024-03-15,BRI,25,27800,0
2024-03-16,VEL,35,21500,0
2024-03-16,NOR,71,34900,0
2024-03-16,VOL,19,39900,0
2024-03-16,ARI,24,31200,0
2024-03-16,BRI,25,27800,0
2024-03-17,VEL,15,21500,0
2024-03-17,NOR,15,34900,0
2024-03-17,VOL,4,39900,0
2024-03-17,ARI,8,31200,0
2024-03-17,BRI,5,27800,0
2024-03-18,VEL,40,21500,0
2024-03-18,NOR,70,34900,0
2024-03-18,VOL,12,39900,0
2024-03-18,ARI,24,31200,0
2024-03-18,BRI,15,27800,0
2024-03-19,VEL,53,21500,0
2024-03-19,NOR,83,34900,0
2024-03-19,VOL,15,39900,0
2024-03-19,ARI,25,31200,0
2024-03-19,BRI,25,27800,0
2024-03-20,VEL,29,21500,0
2024-03-20,NOR,83,34900,0
2024-03-20,VOL,12,39900,0
2024-03-20,ARI,28,31200,0
2024-03-20,BRI,18,27800,0
2024-03-21,VEL,42,21500,0
2024-03-21,NOR,57,34900,0
2024-03-21,VOL,20,39900,0
2024-03-21,ARI,25,31200,0
2024-03-21,BRI,20,27800,0
2024-03-22,VEL,42,21500,0
2024-03-22,NOR,64,34900,0
2024-03-22,VOL,20,39900,0
2024-03-22,ARI,27,31200,0
2024-03-22,BRI,21,27800,0
2024-03-23,VEL,53,21500,0
2024-03-23,NOR,78,34900,0
2024-03-23,VOL,25,39900,0
2024-03-23,ARI,34,31200,0
2024-03-23,BRI,18,27800,0
2024-03-24,VEL,9,21500,0
2024-03-24,NOR,16,34900,0
2024-03-24,VOL,7,39900,0
2024-03-24,ARI,8,31200,0
2024-03-24,BRI,7,27800,0
2024-03-25,VEL,53,21500,0
2024-03-25,NOR,57,34900,0
2024-03-25,VOL,23,39900,0
2024-03-25,ARI,26,31200,0
2024-03-25,BRI,18,27800,0
2024-03-26,VEL,48,21500,0
2024-03-26,NOR,64,34900,0
2024-03-26,VOL,25,39900,0
2024-03-26,ARI,25,31200,0
2024-03-26,BRI,20,27800,0
2024-03-27,VEL,36,21500,0
2024-03-27,NOR,55,34900,0
2024-03-27,VOL,20,39900,0
2024-03-27,ARI,28,31200,0
2024-03-27,BRI,21,27800,0
2024-03-28,VEL,39,21500,0
2024-03-28,NOR,81,34900,0
2024-03-28,VOL,16,39900,0
2024-03-28,ARI,22,31200,0
2024-03-28,BRI,19,27800,0
2024-03-29,VEL,37,21500,0
2024-03-29,NOR,67,34900,0
2024-03-29,VOL,19,39900,0
2024-03-29,ARI,23,31200,0
2024-03-29,BRI,20,27800,0
2024-03-30,VEL,39,21500,0
2024-03-30,NOR,61,34900,0
2024-03-30,VOL,15,39900,0
2024-03-30,ARI,24,31200,0
2024-03-30,BRI,25,27800,0
2024-03-31,VEL,11,21500,0
2024-03-31,NOR,19,34900,0
2024-03-31,VOL,7,39900,0
2024-03-31,ARI,6,31200,0
2024-03-31,BRI,5,27800,0
2024-04-01,VEL,28,21500,0
2024-04-01,NOR,64,34900,0
2024-04-01,VOL,15,39900,0
2024-04-01,ARI,21,31200,0
2024-04-01,BRI,15,27800,0
2024-04-02,VEL,37,21500,0
2024-04-02,NOR,41,34900,0
2024-04-02,VOL,12,39900,0
2024-04-02,ARI,23,31200,0
2024-04-02,BRI,17,27800,0
2024-04-03,VEL,36,21500,0
2024-04-03,NOR,45,34900,0
2024-04-03,VOL,18,39900,0
2024-04-03,ARI,16,31200,0
2024-04-03,BRI,16,27800,0
2024-04-04,VEL,36,21500,0
2024-04-04,NOR,49,34900,0
2024-04-04,VOL,15,39900,0
2024-04-04,ARI,18,31200,0
2024-04-04,BRI,18,27800,0
2024-04-05,VEL,43,21500,0
2024-04-05,NOR,67,34900,0
2024-04-05,VOL,17,39900,0
2024-04-05,ARI,19,31200,0
2024-04-05,BRI,16,27800,0
2024-04-06,VEL,33,21500,0
2024-04-06,NOR,60,34900,0
2024-04-06,VOL,17,39900,0
2024-04-06,ARI,22,31200,0
2024-04-06,BRI,23,27800,0
2024-04-07,VEL,14,21500,0
2024-04-07,NOR,15,34900,0
2024-04-07,VOL,2,39900,0
2024-04-07,ARI,5,31200,0
2024-04-07,BRI,6,27800,0
2024-04-08,VEL,34,21500,0
2024-04-08,NOR,51,34900,0
2024-04-08,VOL,17,39900,0
2024-04-08,ARI,25,31200,0
2024-04-08,BRI,15,27800,0
2024-04-09,VEL,22,21500,0
2024-04-09,NOR,56,34900,0
2024-04-09,VOL,13,39900,0
2024-04-09,ARI,21,31200,0
2024-04-09,BRI,24,27800,0
2024-04-10,VEL,44,21500,0
2024-04-10,NOR,48,34900,0
2024-04-10,VOL,15,39900,0
2024-04-10,ARI,19,31200,0
2024-04-10,BRI,13,27800,0
2024-04-11,VEL,28,21500,0
2024-04-11,NOR,55,34900,0
2024-04-11,VOL,14,39900,0
2024-04-11,ARI,24,31200,0
2024-04-11,BRI,20,27800,0
2024-04-12,VEL,41,21500,0
2024-04-12,NOR,60,34900,0
2024-04-12,VOL,19,39900,0
2024-04-12,ARI,23,31200,0
2024-04-12,BRI,22,27800,0
2024-04-13,VEL,44,21500,0
2024-04-13,NOR,62,34900,0
2024-04-13,VOL,15,39900,0
2024-04-13,ARI,25,31200,0
2024-04-13,BRI,19,27800,0
2024-04-14,VEL,9,21500,0
2024-04-14,NOR,15,34900,0
2024-04-14,VOL,4,39900,0
2024-04-14,ARI,8,31200,0
2024-04-14,BRI,6,27800,0
2024-04-15,VEL,48,21500,0
2024-04-15,NOR,42,34900,0
2024-04-15,VOL,11,39900,0
2024-04-15,ARI,27,31200,0
2024-04-15,BRI,20,27800,0
2024-04-16,VEL,42,21500,0
2024-04-16,NOR,50,34900,0
2024-04-16,VOL,19,39900,0
2024-04-16,ARI,22,31200,0
2024-04-16,BRI,20,27800,0
2024-04-17,VEL,21,21500,0
2024-04-17,NOR,59,34900,0
2024-04-17,VOL,16,39900,0
2024-04-17,ARI,19,31200,0
2024-04-17,BRI,17,27800,0
2024-04-18,VEL,40,21500,0
2024-04-18,NOR,63,34900,0
2024-04-18,VOL,19,39900,0
2024-04-18,ARI,13,31200,0
2024-04-18,BRI,19,27800,0
2024-04-19,VEL,51,21500,0
2024-04-19,NOR,78,34900,0
2024-04-19,VOL,22,39900,0
2024-04-19,ARI,25,31200,0
2024-04-19,BRI,17,27800,0
2024-04-20,VEL,40,21500,0
2024-04-20,NOR,80,34900,0
2024-04-20,VOL,11,39900,0
2024-04-20,ARI,25,31200,0
2024-04-20,BRI,20,27800,0
2024-04-21,VEL,10,21500,0
2024-04-21,NOR,17,34900,0
2024-04-21,VOL,5,39900,0
2024-04-21,ARI,5,31200,0
2024-04-21,BRI,5,27800,0
2024-04-22,VEL,27,21500,0
2024-04-22,NOR,50,34900,0
2024-04-22,VOL,14,39900,0
2024-04-22,ARI,24,31200,0
2024-04-22,BRI,11,27800,0
2024-04-23,VEL,32,21500,0
2024-04-23,NOR,64,34900,0
2024-04-23,VOL,14,39900,0
2024-04-23,ARI,19,31200,0
2024-04-23,BRI,19,27800,0
2024-04-24,VEL,37,21500,0
2024-04-24,NOR,62,34900,0
2024-04-24,VOL,19,39900,0
2024-04-24,ARI,29,31200,0
2024-04-24,BRI,19,27800,0
2024-04-25,VEL,32,21500,0
2024-04-25,NOR,67,34900,0
2024-04-25,VOL,15,39900,0
2024-04-25,ARI,19,31200,0
2024-04-25,BRI,20,27800,0
2024-04-26,VEL,43,21500,0
2024-04-26,NOR,61,34900,0
2024-04-26,VOL,13,39900,0
2024-04-26,ARI,30,31200,0
2024-04-26,BRI,20,27800,0
2024-04-27,VEL,29,21500,0
2024-04-27,NOR,74,34900,0
2024-04-27,VOL,18,39900,0
2024-04-27,ARI,25,31200,0
2024-04-27,BRI,16,27800,0
2024-04-28,VEL,14,21500,0
2024-04-28,NOR,20,34900,0
2024-04-28,VOL,5,39900,0
2024-04-28,ARI,6,31200,0
2024-04-28,BRI,5,27800,0
2024-04-29,VEL,37,21500,0
2024-04-29,NOR,49,34900,0
2024-04-29,VOL,15,39900,0
2024-04-29,ARI,24,31200,0
2024-04-29,BRI,23,27800,0
2024-04-30,VEL,42,21500,0
2024-04-30,NOR,41,34900,0
2024-04-30,VOL,19,39900,0
2024-04-30,ARI,20,31200,0
2024-04-30,BRI,19,27800,0
2024-05-01,VEL,41,21500,0
2024-05-01,NOR,63,34900,0
2024-05-01,VOL,16,39900,0
2024-05-01,ARI,31,31200,0
2024-05-01,BRI,20,27800,0
2024-05-02,VEL,30,21500,0
2024-05-02,NOR,63,34900,0
2024-05-02,VOL,19,39900,0
2024-05-02,ARI,18,31200,0
2024-05-02,BRI,23,27800,0
2024-05-03,VEL,52,21500,0
2024-05-03,NOR,74,34900,0
2024-05-03,VOL,17,39900,0
2024-05-03,ARI,26,31200,0
2024-05-03,BRI,16,27800,0
2024-05-04,VEL,47,21500,0
2024-05-04,NOR,46,34900,0
2024-05-04,VOL,12,39900,0
2024-05-04,ARI,29,31200,0
2024-05-04,BRI,18,27800,0
2024-05-05,VEL,13,21500,0
2024-05-05,NOR,21,34900,0
2024-05-05,VOL,5,39900,0
2024-05-05,ARI,7,31200,0
2024-05-05,BRI,7,27800,0
2024-05-06,VEL,38,21500,0
2024-05-06,NOR,85,34900,0
2024-05-06,VOL,11,39900,0
2024-05-06,ARI,23,31200,0
2024-05-06,BRI,14,27800,0
2024-05-07,VEL,39,21500,0
2024-05-07,NOR,48,34900,0
2024-05-07,VOL,10,39900,0
2024-05-07,ARI,19,31200,0
2024-05-07,BRI,15,27800,0
2024-05-08,VEL,35,21500,0
2024-05-08,NOR,47,34900,0
2024-05-08,VOL,12,39900,0
2024-05-08,ARI,20,31200,0
2024-05-08,BRI,18,27800,0
2024-05-09,VEL,26,21500,0
2024-05-09,NOR,82,34900,0
2024-05-09,VOL,18,39900,0
2024-05-09,ARI,23,31200,0
2024-05-09,BRI,18,27800,0
2024-05-10,VEL,46,21500,0
2024-05-10,NOR,40,34900,0
2024-05-10,VOL,19,39900,0
2024-05-10,ARI,30,31200,0
2024-05-10,BRI,17,27800,0
2024-05-11,VEL,42,21500,0
2024-05-11,NOR,60,34900,0
2024-05-11,VOL,19,39900,0
2024-05-11,ARI,20,31200,0
2024-05-11,BRI,31,27800,0
2024-05-12,VEL,13,21500,0
2024-05-12,NOR,16,34900,0
2024-05-12,VOL,7,39900,0
2024-05-12,ARI,7,31200,0
2024-05-12,BRI,7,27800,0
2024-05-13,VEL,44,21500,0
2024-05-13,NOR,51,34900,0
2024-05-13,VOL,13,39900,0
2024-05-13,ARI,26,31200,0
2024-05-13,BRI,14,27800,0
2024-05-14,VEL,41,21500,0
2024-05-14,NOR,28,34900,0
2024-05-14,VOL,10,39900,0
2024-05-14,ARI,24,31200,0
2024-05-14,BRI,22,27800,0
2024-05-15,VEL,42,21500,0
2024-05-15,NOR,55,34900,0
2024-05-15,VOL,22,39900,0
2024-05-15,ARI,17,31200,0
2024-05-15,BRI,12,27800,0
2024-05-16,VEL,41,21500,0
2024-05-16,NOR,86,34900,0
2024-05-16,VOL,10,39900,0
2024-05-16,ARI,26,31200,0
2024-05-16,BRI,15,27800,0
2024-05-17,VEL,31,21500,0
2024-05-17,NOR,64,34900,0
2024-05-17,VOL,14,39900,0
2024-05-17,ARI,26,31200,0
2024-05-17,BRI,21,27800,0
2024-05-18,VEL,53,21500,0
2024-05-18,NOR,69,34900,0
2024-05-18,VOL,11,39900,0
2024-05-18,ARI,33,31200,0
2024-05-18,BRI,13,27800,0
2024-05-19,VEL,22,21500,0
2024-05-19,NOR,22,34900,0
2024-05-19,VOL,5,39900,0
2024-05-19,ARI,9,31200,0
2024-05-19,BRI,6,27800,0
2024-05-20,VEL,40,21500,0
2024-05-20,NOR,65,34900,0
2024-05-20,VOL,15,39900,0
2024-05-20,ARI,16,31200,0
2024-05-20,BRI,20,27800,0
2024-05-21,VEL,25,21500,0
2024-05-21,NOR,68,34900,0
2024-05-21,VOL,17,39900,0
2024-05-21,ARI,19,31200,0
2024-05-21,BRI,18,27800,0
2024-05-22,VEL,44,21500,0
2024-05-22,NOR,39,34900,0
2024-05-22,VOL,16,39900,0
2024-05-22,ARI,21,31200,0
2024-05-22,BRI,20,27800,0
2024-05-23,VEL,30,21500,0
2024-05-23,NOR,47,34900,0
2024-05-23,VOL,10,39900,0
2024-05-23,ARI,19,31200,0
2024-05-23,BRI,21,27800,0
2024-05-24,VEL,40,21500,0
2024-05-24,NOR,61,34900,0
2024-05-24,VOL,19,39900,0
2024-05-24,ARI,25,31200,0
2024-05-24,BRI,26,27800,0
2024-05-25,VEL,29,21500,0
2024-05-25,NOR,83,34900,0
2024-05-25,VOL,19,39900,0
2024-05-25,ARI,24,31200,0
2024-05-25,BRI,19,27800,0
2024-05-26,VEL,11,21500,0
2024-05-26,NOR,16,34900,0
2024-05-26,VOL,5,39900,0
2024-05-26,ARI,8,31200,0
2024-05-26,BRI,5,27800,0
2024-05-27,VEL,46,21500,0
2024-05-27,NOR,51,34900,0
2024-05-27,VOL,14,39900,0
2024-05-27,ARI,28,31200,0
2024-05-27,BRI,17,27800,0
2024-05-28,VEL,36,21500,0
2024-05-28,NOR,53,34900,0
2024-05-28,VOL,19,39900,0
2024-05-28,ARI,22,31200,0
2024-05-28,BRI,25,27800,0
2024-05-29,VEL,36,21500,0
2024-05-29,NOR,52,34900,0
2024-05-29,VOL,15,39900,0
2024-05-29,ARI,19,31200,0
2024-05-29,BRI,19,27800,0
2024-05-30,VEL,40,21500,0
2024-05-30,NOR,45,34900,0
2024-05-30,VOL,14,39900,0
2024-05-30,ARI,26,31200,0
2024-05-30,BRI,21,27800,0
2024-05-31,VEL,44,21500,0
2024-05-31,NOR,58,34900,0
2024-05-31,VOL,18,39900,0
2024-05-31,ARI,22,31200,0
2024-05-31,BRI,21,27800,0
2024-06-01,VEL,50,21500,0
2024-06-01,NOR,87,34900,0
2024-06-01,VOL,18,39900,0
2024-06-01,ARI,33,31200,0
2024-06-01,BRI,32,27800,0
2024-06-02,VEL,11,21500,0
2024-06-02,NOR,9,34900,0
2024-06-02,VOL,5,39900,0
2024-06-02,ARI,7,31200,0
2024-06-02,BRI,7,27800,0
2024-06-03,VEL,44,21500,0
2024-06-03,NOR,67,34900,0
2024-06-03,VOL,17,39900,0
2024-06-03,ARI,22,31200,0
2024-06-03,BRI,18,27800,0
2024-06-04,VEL,43,21500,0
2024-06-04,NOR,85,34900,0
2024-06-04,VOL,21,39900,0
2024-06-04,ARI,26,31200,0
2024-06-04,BRI,17,27800,0
2024-06-05,VEL,50,21500,0
2024-06-05,NOR,87,34900,0
2024-06-05,VOL,25,39900,0
2024-06-05,ARI,38,31200,0
2024-06-05,BRI,23,27800,0
2024-06-06,VEL,53,21500,0
2024-06-06,NOR,31,34900,0
2024-06-06,VOL,25,39900,0
2024-06-06,ARI,25,31200,0
2024-06-06,BRI,28,27800,0
2024-06-07,VEL,44,21500,0
2024-06-07,NOR,72,34900,0
2024-06-07,VOL,19,39900,0
2024-06-07,ARI,37,31200,0
2024-06-07,BRI,29,27800,0
2024-06-08,VEL,55,21500,0
2024-06-08,NOR,63,34900,0
2024-06-08,VOL,20,39900,0
2024-06-08,ARI,36,31200,0
2024-06-08,BRI,13,27800,0
2024-06-09,VEL,14,21500,0
2024-06-09,NOR,17,34900,0
2024-06-09,VOL,8,39900,0
2024-06-09,ARI,10,31200,0
2024-06-09,BRI,7,27800,0
2024-06-10,VEL,53,21500,0
2024-06-10,NOR,61,34900,0
2024-06-10,VOL,17,39900,0
2024-06-10,ARI,30,31200,0
2024-06-10,BRI,17,27800,0
2024-06-11,VEL,41,21500,0
2024-06-11,NOR,63,34900,0
2024-06-11,VOL,24,39900,0
2024-06-11,ARI,18,31200,0
2024-06-11,BRI,26,27800,0
2024-06-12,VEL,59,21500,0
2024-06-12,NOR,79,34900,0
2024-06-12,VOL,17,39900,0
2024-06-12,ARI,26,31200,0
2024-06-12,BRI,19,27800,0
2024-06-13,VEL,58,21500,0
2024-06-13,NOR,60,34900,0
2024-06-13,VOL,18,39900,0
2024-06-13,ARI,15,31200,0
2024-06-13,BRI,15,27800,0
2024-06-14,VEL,62,21500,0
2024-06-14,NOR,97,34900,0
2024-06-14,VOL,20,39900,0
2024-06-14,ARI,33,31200,0
2024-06-14,BRI,20,27800,0
2024-06-15,VEL,47,21500,0
2024-06-15,NOR,76,34900,0
2024-06-15,VOL,17,39900,0
2024-06-15,ARI,30,31200,0
2024-06-15,BRI,25,27800,0
2024-06-16,VEL,12,21500,0
2024-06-16,NOR,26,34900,0
2024-06-16,VOL,7,39900,0
2024-06-16,ARI,7,31200,0
2024-06-16,BRI,7,27800,0
2024-06-17,VEL,41,21500,0
2024-06-17,NOR,51,34900,0
2024-06-17,VOL,16,39900,0
2024-06-17,ARI,22,31200,0
2024-06-17,BRI,18,27800,0
2024-06-18,VEL,37,21500,0
2024-06-18,NOR,51,34900,0
2024-06-18,VOL,20,39900,0
2024-06-18,ARI,27,31200,0
2024-06-18,BRI,28,27800,0
2024-06-19,VEL,50,21500,0
2024-06-19,NOR,49,34900,0
2024-06-19,VOL,21,39900,0
2024-06-19,ARI,23,31200,0
2024-06-19,BRI,29,27800,0
2024-06-20,VEL,45,21500,0
2024-06-20,NOR,72,34900,0
2024-06-20,VOL,21,39900,0
2024-06-20,ARI,30,31200,0
2024-06-20,BRI,19,27800,0
2024-06-21,VEL,62,21500,0
2024-06-21,NOR,58,34900,0
2024-06-21,VOL,21,39900,0
2024-06-21,ARI,29,31200,0
2024-06-21,BRI,23,27800,0
2024-06-22,VEL,45,21500,0
2024-06-22,NOR,105,34900,0
2024-06-22,VOL,22,39900,0
2024-06-22,ARI,39,31200,0
2024-06-22,BRI,19,27800,0
2024-06-23,VEL,16,21500,0
2024-06-23,NOR,15,34900,0
2024-06-23,VOL,6,39900,0
2024-06-23,ARI,10,31200,0
2024-06-23,BRI,8,27800,0
2024-06-24,VEL,34,21500,0
2024-06-24,NOR,66,34900,0
2024-06-24,VOL,25,39900,0
2024-06-24,ARI,20,31200,0
2024-06-24,BRI,12,27800,0
2024-06-25,VEL,39,21500,0
2024-06-25,NOR,51,34900,0
2024-06-25,VOL,20,39900,0
2024-06-25,ARI,16,31200,0
2024-06-25,BRI,18,27800,0
2024-06-26,VEL,51,21500,0
2024-06-26,NOR,50,34900,0
2024-06-26,VOL,11,39900,0
2024-06-26,ARI,30,31200,0
2024-06-26,BRI,15,27800,0
2024-06-27,VEL,44,21500,0
2024-06-27,NOR,61,34900,0
2024-06-27,VOL,19,39900,0
2024-06-27,ARI,23,31200,0
2024-06-27,BRI,20,27800,0
2024-06-28,VEL,53,21500,0
2024-06-28,NOR,70,34900,0
2024-06-28,VOL,19,39900,0
2024-06-28,ARI,27,31200,0
2024-06-28,BRI,14,27800,0
2024-06-29,VEL,55,21500,0
2024-06-29,NOR,54,34900,0
2024-06-29,VOL,30,39900,0
2024-06-29,ARI,41,31200,0
2024-06-29,BRI,27,27800,0
2024-06-30,VEL,10,21500,0
2024-06-30,NOR,28,34900,0
2024-06-30,VOL,5,39900,0
2024-06-30,ARI,7,31200,0
2024-06-30,BRI,7,27800,0
2024-07-01,VEL,34,21500,0
2024-07-01,NOR,90,34900,0
2024-07-01,VOL,17,39900,0
2024-07-01,ARI,26,31200,0
2024-07-01,BRI,21,27800,0
2024-07-02,VEL,51,21500,0
2024-07-02,NOR,54,34900,0
2024-07-02,VOL,19,39900,0
2024-07-02,ARI,17,31200,0
2024-07-02,BRI,23,27800,0
2024-07-03,VEL,36,21500,0
2024-07-03,NOR,58,34900,0
2024-07-03,VOL,14,39900,0
2024-07-03,ARI,17,31200,0
2024-07-03,BRI,19,27800,0
2024-07-04,VEL,43,21500,0
2024-07-04,NOR,62,34900,0
2024-07-04,VOL,17,39900,0
2024-07-04,ARI,23,31200,0
2024-07-04,BRI,23,27800,0
2024-07-05,VEL,57,21500,0
2024-07-05,NOR,67,34900,0
2024-07-05,VOL,13,39900,0
2024-07-05,ARI,20,31200,0
2024-07-05,BRI,26,27800,0
2024-07-06,VEL,27,21500,0
2024-07-06,NOR,69,34900,0
2024-07-06,VOL,24,39900,0
2024-07-06,ARI,23,31200,0
2024-07-06,BRI,24,27800,0
2024-07-07,VEL,15,21500,0
2024-07-07,NOR,16,34900,0
2024-07-07,VOL,6,39900,0
2024-07-07,ARI,7,31200,0
2024-07-07,BRI,6,27800,0
2024-07-08,VEL,46,21500,0
2024-07-08,NOR,57,34900,0
2024-07-08,VOL,12,39900,0
2024-07-08,ARI,28,31200,0
2024-07-08,BRI,16,27800,0
2024-07-09,VEL,46,21500,0
2024-07-09,NOR,49,34900,0
2024-07-09,VOL,21,39900,0
2024-07-09,ARI,25,31200,0
2024-07-09,BRI,22,27800,0
2024-07-10,VEL,31,21500,0
2024-07-10,NOR,66,34900,0
2024-07-10,VOL,18,39900,0
2024-07-10,ARI,27,31200,0
2024-07-10,BRI,22,27800,0
2024-07-11,VEL,55,21500,0
2024-07-11,NOR,44,34900,0
2024-07-11,VOL,18,39900,0
2024-07-11,ARI,23,31200,0
2024-07-11,BRI,14,27800,0
2024-07-12,VEL,25,21500,0
2024-07-12,NOR,69,34900,0
2024-07-12,VOL,13,39900,0
2024-07-12,ARI,25,31200,0
2024-07-12,BRI,22,27800,0
2024-07-13,VEL,45,21500,0
2024-07-13,NOR,81,34900,0
2024-07-13,VOL,20,39900,0
2024-07-13,ARI,45,31200,0
2024-07-13,BRI,26,27800,0
2024-07-14,VEL,12,21500,0
2024-07-14,NOR,20,34900,0
2024-07-14,VOL,6,39900,0
2024-07-14,ARI,6,31200,0
2024-07-14,BRI,8,27800,0
2024-07-15,VEL,41,21500,0
2024-07-15,NOR,76,34900,0
2024-07-15,VOL,17,39900,0
2024-07-15,ARI,18,31200,0
2024-07-15,BRI,15,27800,0
2024-07-16,VEL,50,21500,0
2024-07-16,NOR,45,34900,0
2024-07-16,VOL,24,39900,0
2024-07-16,ARI,24,31200,0
2024-07-16,BRI,20,27800,0
2024-07-17,VEL,30,21500,0
2024-07-17,NOR,64,34900,0
2024-07-17,VOL,16,39900,0
2024-07-17,ARI,25,31200,0
2024-07-17,BRI,16,27800,0
2024-07-18,VEL,43,21500,0
2024-07-18,NOR,67,34900,0
2024-07-18,VOL,21,39900,0
2024-07-18,ARI,25,31200,0
2024-07-18,BRI,22,27800,0
2024-07-19,VEL,55,21500,0
2024-07-19,NOR,42,34900,0
2024-07-19,VOL,21,39900,0
2024-07-19,ARI,21,31200,0
2024-07-19,BRI,32,27800,0
2024-07-20,VEL,38,21500,0
2024-07-20,NOR,87,34900,0
2024-07-20,VOL,14,39900,0
2024-07-20,ARI,24,31200,0
2024-07-20,BRI,25,27800,0
2024-07-21,VEL,16,21500,0
2024-07-21,NOR,19,34900,0
2024-07-21,VOL,6,39900,0
2024-07-21,ARI,8,31200,0
2024-07-21,BRI,7,27800,0
2024-07-22,VEL,36,21500,0
2024-07-22,NOR,50,34900,0
2024-07-22,VOL,22,39900,0
2024-07-22,ARI,19,31200,0
2024-07-22,BRI,20,27800,0
2024-07-23,VEL,43,21500,0
2024-07-23,NOR,43,34900,0
2024-07-23,VOL,14,39900,0
2024-07-23,ARI,8,31200,0
2024-07-23,BRI,23,27800,0
2024-07-24,VEL,49,21500,0
2024-07-24,NOR,63,34900,0
2024-07-24,VOL,17,39900,0
2024-07-24,ARI,25,31200,0
2024-07-24,BRI,15,27800,0
2024-07-25,VEL,36,21500,0
2024-07-25,NOR,42,34900,0
2024-07-25,VOL,19,39900,0
2024-07-25,ARI,25,31200,0
2024-07-25,BRI,19,27800,0
2024-07-26,VEL,41,21500,0
2024-07-26,NOR,49,34900,0
2024-07-26,VOL,21,39900,0
2024-07-26,ARI,31,31200,0
2024-07-26,BRI,27,27800,0
2024-07-27,VEL,39,21500,0
2024-07-27,NOR,72,34900,0
2024-07-27,VOL,17,39900,0
2024-07-27,ARI,25,31200,0
2024-07-27,BRI,29,27800,0
2024-07-28,VEL,13,21500,0
2024-07-28,NOR,26,34900,0
2024-07-28,VOL,7,39900,0
2024-07-28,ARI,9,31200,0
2024-07-28,BRI,7,27800,0
2024-07-29,VEL,60,21500,0
2024-07-29,NOR,73,34900,0
2024-07-29,VOL,18,39900,0
2024-07-29,ARI,24,31200,0
2024-07-29,BRI,18,27800,0
2024-07-30,VEL,48,21500,0
2024-07-30,NOR,71,34900,0
2024-07-30,VOL,13,39900,0
2024-07-30,ARI,24,31200,0
2024-07-30,BRI,25,27800,0
2024-07-31,VEL,50,21500,0
2024-07-31,NOR,37,34900,0
2024-07-31,VOL,20,39900,0
2024-07-31,ARI,10,31200,0
2024-07-31,BRI,22,27800,0
2024-08-01,VEL,28,21500,0
2024-08-01,NOR,40,34900,0
2024-08-01,VOL,12,39900,0
2024-08-01,ARI,13,31200,0
2024-08-01,BRI,11,27800,0
2024-08-02,VEL,31,21500,0
2024-08-02,NOR,49,34900,0
2024-08-02,VOL,14,39900,0
2024-08-02,ARI,17,31200,0
2024-08-02,BRI,13,27800,0
2024-08-03,VEL,31,21500,0
2024-08-03,NOR,43,34900,0
2024-08-03,VOL,9,39900,0
2024-08-03,ARI,15,31200,0
2024-08-03,BRI,11,27800,0
2024-08-04,VEL,6,21500,0
2024-08-04,NOR,12,34900,0
2024-08-04,VOL,4,39900,0
2024-08-04,ARI,3,31200,0
2024-08-04,BRI,3,27800,0
2024-08-05,VEL,33,21500,0
2024-08-05,NOR,45,34900,0
2024-08-05,VOL,13,39900,0
2024-08-05,ARI,14,31200,0
2024-08-05,BRI,12,27800,0
2024-08-06,VEL,26,21500,0
2024-08-06,NOR,30,34900,0
2024-08-06,VOL,9,39900,0
2024-08-06,ARI,11,31200,0
2024-08-06,BRI,13,27800,0
2024-08-07,VEL,27,21500,0
2024-08-07,NOR,29,34900,0
2024-08-07,VOL,14,39900,0
2024-08-07,ARI,16,31200,0
2024-08-07,BRI,9,27800,0
2024-08-08,VEL,26,21500,0
2024-08-08,NOR,41,34900,0
2024-08-08,VOL,8,39900,0
2024-08-08,ARI,18,31200,0
2024-08-08,BRI,10,27800,0
2024-08-09,VEL,31,21500,0
2024-08-09,NOR,30,34900,0
2024-08-09,VOL,10,39900,0
2024-08-09,ARI,16,31200,0
2024-08-09,BRI,12,27800,0
2024-08-10,VEL,28,21500,0
2024-08-10,NOR,45,34900,0
2024-08-10,VOL,13,39900,0
2024-08-10,ARI,21,31200,0
2024-08-10,BRI,13,27800,0
2024-08-11,VEL,7,21500,0
2024-08-11,NOR,14,34900,0
2024-08-11,VOL,3,39900,0
2024-08-11,ARI,5,31200,0
2024-08-11,BRI,4,27800,0
2024-08-12,VEL,22,21500,0
2024-08-12,NOR,39,34900,0
2024-08-12,VOL,11,39900,0
2024-08-12,ARI,20,31200,0
2024-08-12,BRI,11,27800,0
2024-08-13,VEL,23,21500,0
2024-08-13,NOR,47,34900,0
2024-08-13,VOL,11,39900,0
2024-08-13,ARI,10,31200,0
2024-08-13,BRI,9,27800,0
2024-08-14,VEL,29,21500,0
2024-08-14,NOR,22,34900,0
2024-08-14,VOL,11,39900,0
2024-08-14,ARI,15,31200,0
2024-08-14,BRI,11,27800,0
2024-08-15,VEL,27,21500,0
2024-08-15,NOR,31,34900,0
2024-08-15,VOL,9,39900,0
2024-08-15,ARI,12,31200,0
2024-08-15,BRI,13,27800,0
2024-08-16,VEL,21,21500,0
2024-08-16,NOR,38,34900,0
2024-08-16,VOL,13,39900,0
2024-08-16,ARI,13,31200,0
2024-08-16,BRI,18,27800,0
2024-08-17,VEL,22,21500,0
2024-08-17,NOR,49,34900,0
2024-08-17,VOL,15,39900,0
2024-08-17,ARI,21,31200,0
2024-08-17,BRI,16,27800,0
2024-08-18,VEL,7,21500,0
2024-08-18,NOR,10,34900,0
2024-08-18,VOL,3,39900,0
2024-08-18,ARI,5,31200,0
2024-08-18,BRI,4,27800,0
2024-08-19,VEL,28,21500,0
2024-08-19,NOR,29,34900,0
2024-08-19,VOL,13,39900,0
2024-08-19,ARI,14,31200,0
2024-08-19,BRI,14,27800,0
2024-08-20,VEL,20,21500,0
2024-08-20,NOR,25,34900,0
2024-08-20,VOL,12,39900,0
2024-08-20,ARI,12,31200,0
2024-08-20,BRI,10,27800,0
2024-08-21,VEL,26,21500,0
2024-08-21,NOR,43,34900,0
2024-08-21,VOL,11,39900,0
2024-08-21,ARI,13,31200,0
2024-08-21,BRI,15,27800,0
2024-08-22,VEL,22,21500,0
2024-08-22,NOR,36,34900,0
2024-08-22,VOL,14,39900,0
2024-08-22,ARI,12,31200,0
2024-08-22,BRI,9,27800,0
2024-08-23,VEL,30,21500,0
2024-08-23,NOR,43,34900,0
2024-08-23,VOL,15,39900,0
2024-08-23,ARI,15,31200,0
2024-08-23,BRI,12,27800,0
2024-08-24,VEL,27,21500,0
2024-08-24,NOR,41,34900,0
2024-08-24,VOL,9,39900,0
2024-08-24,ARI,14,31200,0
2024-08-24,BRI,19,27800,0
2024-08-25,VEL,7,21500,0
2024-08-25,NOR,11,34900,0
2024-08-25,VOL,3,39900,0
2024-08-25,ARI,6,31200,0
2024-08-25,BRI,3,27800,0
2024-08-26,VEL,22,21500,0
2024-08-26,NOR,44,34900,0
2024-08-26,VOL,10,39900,0
2024-08-26,ARI,8,31200,0
2024-08-26,BRI,11,27800,0
2024-08-27,VEL,21,21500,0
2024-08-27,NOR,43,34900,0
2024-08-27,VOL,13,39900,0
2024-08-27,ARI,20,31200,0
2024-08-27,BRI,13,27800,0
2024-08-28,VEL,36,21500,0
2024-08-28,NOR,43,34900,0
2024-08-28,VOL,11,39900,0
2024-08-28,ARI,17,31200,0
2024-08-28,BRI,9,27800,0
2024-08-29,VEL,28,21500,0
2024-08-29,NOR,43,34900,0
2024-08-29,VOL,12,39900,0
2024-08-29,ARI,10,31200,0
2024-08-29,BRI,14,27800,0
2024-08-30,VEL,21,21500,0
2024-08-30,NOR,45,34900,0
2024-08-30,VOL,13,39900,0
2024-08-30,ARI,15,31200,0
2024-08-30,BRI,13,27800,0
2024-08-31,VEL,29,21500,0
2024-08-31,NOR,43,34900,0
2024-08-31,VOL,13,39900,0
2024-08-31,ARI,17,31200,0
2024-08-31,BRI,13,27800,0
2024-09-01,VEL,16,21500,0
2024-09-01,NOR,20,34900,0
2024-09-01,VOL,5,39900,0
2024-09-01,ARI,8,31200,0
2024-09-01,BRI,6,27800,0
2024-09-02,VEL,37,21500,0
2024-09-02,NOR,49,34900,0
2024-09-02,VOL,18,39900,0
2024-09-02,ARI,19,31200,0
2024-09-02,BRI,11,27800,0
2024-09-03,VEL,25,21500,0
2024-09-03,NOR,38,34900,0
2024-09-03,VOL,7,39900,0
2024-09-03,ARI,13,31200,0
2024-09-03,BRI,20,27800,0
2024-09-04,VEL,31,21500,0
2024-09-04,NOR,52,34900,0
2024-09-04,VOL,17,39900,0
2024-09-04,ARI,19,31200,0
2024-09-04,BRI,11,27800,0
2024-09-05,VEL,27,21500,0
2024-09-05,NOR,40,34900,0
2024-09-05,VOL,18,39900,0
2024-09-05,ARI,20,31200,0
2024-09-05,BRI,11,27800,0
2024-09-06,VEL,32,21500,0
2024-09-06,NOR,74,34900,0
2024-09-06,VOL,16,39900,0
2024-09-06,ARI,23,31200,0
2024-09-06,BRI,15,27800,0
2024-09-07,VEL,34,21500,0
2024-09-07,NOR,52,34900,0
2024-09-07,VOL,14,39900,0
2024-09-07,ARI,17,31200,0
2024-09-07,BRI,25,27800,0
2024-09-08,VEL,12,21500,0
2024-09-08,NOR,19,34900,0
2024-09-08,VOL,5,39900,0
2024-09-08,ARI,6,31200,0
2024-09-08,BRI,4,27800,0
2024-09-09,VEL,48,21500,0
2024-09-09,NOR,43,34900,0
2024-09-09,VOL,15,39900,0
2024-09-09,ARI,24,31200,0
2024-09-09,BRI,24,27800,0
2024-09-10,VEL,41,21500,0
2024-09-10,NOR,44,34900,0
2024-09-10,VOL,11,39900,0
2024-09-10,ARI,21,31200,0
2024-09-10,BRI,16,27800,0
2024-09-11,VEL,25,21500,0
2024-09-11,NOR,42,34900,0
2024-09-11,VOL,15,39900,0
2024-09-11,ARI,15,31200,0
2024-09-11,BRI,16,27800,0
2024-09-12,VEL,19,21500,0
2024-09-12,NOR,34,34900,0
2024-09-12,VOL,16,39900,0
2024-09-12,ARI,21,31200,0
2024-09-12,BRI,15,27800,0
2024-09-13,VEL,43,21500,0
2024-09-13,NOR,33,34900,0
2024-09-13,VOL,15,39900,0
2024-09-13,ARI,12,31200,0
2024-09-13,BRI,19,27800,0
2024-09-14,VEL,35,21500,0
2024-09-14,NOR,50,34900,0
2024-09-14,VOL,18,39900,0
2024-09-14,ARI,23,31200,0
2024-09-14,BRI,17,27800,0
2024-09-15,VEL,13,21500,0
2024-09-15,NOR,15,34900,0
2024-09-15,VOL,5,39900,0
2024-09-15,ARI,6,31200,0
2024-09-15,BRI,6,27800,0
2024-09-16,VEL,38,21500,0
2024-09-16,NOR,58,34900,0
2024-09-16,VOL,14,39900,0
2024-09-16,ARI,17,31200,0
2024-09-16,BRI,12,27800,0
2024-09-17,VEL,25,21500,0
2024-09-17,NOR,48,34900,0
2024-09-17,VOL,17,39900,0
2024-09-17,ARI,19,31200,0
2024-09-17,BRI,12,27800,0
2024-09-18,VEL,25,21500,0
2024-09-18,NOR,37,34900,0
2024-09-18,VOL,17,39900,0
2024-09-18,ARI,15,31200,0
2024-09-18,BRI,12,27800,0
2024-09-19,VEL,29,21500,0
2024-09-19,NOR,53,34900,0
2024-09-19,VOL,17,39900,0
2024-09-19,ARI,20,31200,0
2024-09-19,BRI,11,27800,0
2024-09-20,VEL,51,21500,0
2024-09-20,NOR,46,34900,0
2024-09-20,VOL,16,39900,0
2024-09-20,ARI,18,31200,0
2024-09-20,BRI,14,27800,0
2024-09-21,VEL,42,21500,0
2024-09-21,NOR,47,34900,0
2024-09-21,VOL,18,39900,0
2024-09-21,ARI,19,31200,0
2024-09-21,BRI,11,27800,0
2024-09-22,VEL,11,21500,0
2024-09-22,NOR,22,34900,0
2024-09-22,VOL,3,39900,0
2024-09-22,ARI,8,31200,0
2024-09-22,BRI,6,27800,0
2024-09-23,VEL,35,21500,0
2024-09-23,NOR,55,34900,0
2024-09-23,VOL,15,39900,0
2024-09-23,ARI,18,31200,0
2024-09-23,BRI,19,27800,0
2024-09-24,VEL,36,21500,0
2024-09-24,NOR,41,34900,0
2024-09-24,VOL,14,39900,0
2024-09-24,ARI,16,31200,0
2024-09-24,BRI,21,27800,0
2024-09-25,VEL,31,21500,0
2024-09-25,NOR,53,34900,0
2024-09-25,VOL,16,39900,0
2024-09-25,ARI,19,31200,0
2024-09-25,BRI,15,27800,0
2024-09-26,VEL,30,21500,0
2024-09-26,NOR,69,34900,0
2024-09-26,VOL,18,39900,0
2024-09-26,ARI,21,31200,0
2024-09-26,BRI,17,27800,0
2024-09-27,VEL,49,21500,0
2024-09-27,NOR,46,34900,0
2024-09-27,VOL,18,39900,0
2024-09-27,ARI,22,31200,0
2024-09-27,BRI,15,27800,0
2024-09-28,VEL,45,21500,0
2024-09-28,NOR,63,34900,0
2024-09-28,VOL,18,39900,0
2024-09-28,ARI,23,31200,0
2024-09-28,BRI,15,27800,0
2024-09-29,VEL,11,21500,0
2024-09-29,NOR,17,34900,0
2024-09-29,VOL,3,39900,0
2024-09-29,ARI,5,31200,0
2024-09-29,BRI,5,27800,0
2024-09-30,VEL,25,21500,0
2024-09-30,NOR,63,34900,0
2024-09-30,VOL,15,39900,0
2024-09-30,ARI,22,31200,0
2024-09-30,BRI,14,27800,0
2024-10-01,VEL,23,21500,0
2024-10-01,NOR,74,34900,0
2024-10-01,VOL,15,39900,0
2024-10-01,ARI,13,31200,0
2024-10-01,BRI,12,27800,0
2024-10-02,VEL,48,21500,0
2024-10-02,NOR,47,34900,0
2024-10-02,VOL,12,39900,0
2024-10-02,ARI,14,31200,0
2024-10-02,BRI,13,27800,0
2024-10-03,VEL,25,21500,0
2024-10-03,NOR,45,34900,0
2024-10-03,VOL,18,39900,0
2024-10-03,ARI,19,31200,0
2024-10-03,BRI,15,27800,0
2024-10-04,VEL,45,21500,0
2024-10-04,NOR,80,34900,0
2024-10-04,VOL,14,39900,0
2024-10-04,ARI,21,31200,0
2024-10-04,BRI,11,27800,0
2024-10-05,VEL,33,21500,0
2024-10-05,NOR,49,34900,0
2024-10-05,VOL,19,39900,0
2024-10-05,ARI,23,31200,0
2024-10-05,BRI,18,27800,0
2024-10-06,VEL,12,21500,0
2024-10-06,NOR,19,34900,0
2024-10-06,VOL,6,39900,0
2024-10-06,ARI,8,31200,0
2024-10-06,BRI,7,27800,0
2024-10-07,VEL,53,21500,0
2024-10-07,NOR,71,34900,0
2024-10-07,VOL,16,39900,0
2024-10-07,ARI,19,31200,0
2024-10-07,BRI,23,27800,0
2024-10-08,VEL,27,21500,0
2024-10-08,NOR,51,34900,0
2024-10-08,VOL,15,39900,0
2024-10-08,ARI,21,31200,0
2024-10-08,BRI,13,27800,0
2024-10-09,VEL,38,21500,0
2024-10-09,NOR,51,34900,0
2024-10-09,VOL,12,39900,0
2024-10-09,ARI,12,31200,0
2024-10-09,BRI,16,27800,0
2024-10-10,VEL,38,21500,0
2024-10-10,NOR,55,34900,0
2024-10-10,VOL,20,39900,0
2024-10-10,ARI,18,31200,0
2024-10-10,BRI,20,27800,0
2024-10-11,VEL,31,21500,0
2024-10-11,NOR,71,34900,0
2024-10-11,VOL,18,39900,0
2024-10-11,ARI,26,31200,0
2024-10-11,BRI,13,27800,0
2024-10-12,VEL,46,21500,0
2024-10-12,NOR,62,34900,0
2024-10-12,VOL,18,39900,0
2024-10-12,ARI,27,31200,0
2024-10-12,BRI,19,27800,0
2024-10-13,VEL,4,21500,0
2024-10-13,NOR,19,34900,0
2024-10-13,VOL,5,39900,0
2024-10-13,ARI,7,31200,0
2024-10-13,BRI,5,27800,0
2024-10-14,VEL,34,21500,0
2024-10-14,NOR,46,34900,0
2024-10-14,VOL,16,39900,0
2024-10-14,ARI,15,31200,0
2024-10-14,BRI,25,27800,0
2024-10-15,VEL,36,21500,0
2024-10-15,NOR,47,34900,0
2024-10-15,VOL,15,39900,0
2024-10-15,ARI,26,31200,0
2024-10-15,BRI,21,27800,0
2024-10-16,VEL,41,21500,0
2024-10-16,NOR,45,34900,0
2024-10-16,VOL,11,39900,0
2024-10-16,ARI,22,31200,0
2024-10-16,BRI,17,27800,0
2024-10-17,VEL,42,21500,0
2024-10-17,NOR,58,34900,0
2024-10-17,VOL,15,39900,0
2024-10-17,ARI,22,31200,0
2024-10-17,BRI,12,27800,0
2024-10-18,VEL,27,21500,0
2024-10-18,NOR,40,34900,0
2024-10-18,VOL,21,39900,0
2024-10-18,ARI,20,31200,0
2024-10-18,BRI,22,27800,0
2024-10-19,VEL,40,21500,0
2024-10-19,NOR,83,34900,0
2024-10-19,VOL,15,39900,0
2024-10-19,ARI,18,31200,0
2024-10-19,BRI,19,27800,0
2024-10-20,VEL,14,21500,0
2024-10-20,NOR,13,34900,0
2024-10-20,VOL,5,39900,0
2024-10-20,ARI,6,31200,0
2024-10-20,BRI,5,27800,0
2024-10-21,VEL,31,21500,0
2024-10-21,NOR,57,34900,0
2024-10-21,VOL,21,39900,0
2024-10-21,ARI,14,31200,0
2024-10-21,BRI,11,27800,0
2024-10-22,VEL,26,21500,0
2024-10-22,NOR,56,34900,0
2024-10-22,VOL,17,39900,0
2024-10-22,ARI,28,31200,0
2024-10-22,BRI,22,27800,0
2024-10-23,VEL,26,21500,0
2024-10-23,NOR,66,34900,0
2024-10-23,VOL,10,39900,0
2024-10-23,ARI,25,31200,0
2024-10-23,BRI,14,27800,0
2024-10-24,VEL,46,21500,0
2024-10-24,NOR,42,34900,0
2024-10-24,VOL,17,39900,0
2024-10-24,ARI,15,31200,0
2024-10-24,BRI,21,27800,0
2024-10-25,VEL,41,21500,0
2024-10-25,NOR,49,34900,0
2024-10-25,VOL,16,39900,0
2024-10-25,ARI,20,31200,0
2024-10-25,BRI,25,27800,0
2024-10-26,VEL,21,21500,0
2024-10-26,NOR,49,34900,0
2024-10-26,VOL,24,39900,0
2024-10-26,ARI,21,31200,0
2024-10-26,BRI,19,27800,0
2024-10-27,VEL,9,21500,0
2024-10-27,NOR,15,34900,0
2024-10-27,VOL,6,39900,0
2024-10-27,ARI,6,31200,0
2024-10-27,BRI,6,27800,0
2024-10-28,VEL,34,21500,0
2024-10-28,NOR,24,34900,0
2024-10-28,VOL,12,39900,0
2024-10-28,ARI,18,31200,0
2024-10-28,BRI,22,27800,0
2024-10-29,VEL,31,21500,0
2024-10-29,NOR,57,34900,0
2024-10-29,VOL,14,39900,0
2024-10-29,ARI,16,31200,0
2024-10-29,BRI,13,27800,0
2024-10-30,VEL,35,21500,0
2024-10-30,NOR,55,34900,0
2024-10-30,VOL,9,39900,0
2024-10-30,ARI,20,31200,0
2024-10-30,BRI,15,27800,0
2024-10-31,VEL,28,21500,0
2024-10-31,NOR,49,34900,0
2024-10-31,VOL,18,39900,0
2024-10-31,ARI,20,31200,0
2024-10-31,BRI,23,27800,0
2024-11-01,VEL,42,21500,0
2024-11-01,NOR,78,34900,0
2024-11-01,VOL,20,39900,0
2024-11-01,ARI,22,31200,0
2024-11-01,BRI,15,27800,0
2024-11-02,VEL,60,21500,0
2024-11-02,NOR,42,34900,0
2024-11-02,VOL,23,39900,0
2024-11-02,ARI,22,31200,0
2024-11-02,BRI,15,27800,0
2024-11-03,VEL,13,21500,0
2024-11-03,NOR,12,34900,0
2024-11-03,VOL,7,39900,0
2024-11-03,ARI,5,31200,0
2024-11-03,BRI,7,27800,0
2024-11-04,VEL,35,21500,0
2024-11-04,NOR,44,34900,0
2024-11-04,VOL,9,39900,0
2024-11-04,ARI,22,31200,0
2024-11-04,BRI,18,27800,0
2024-11-05,VEL,46,21500,0
2024-11-05,NOR,76,34900,0
2024-11-05,VOL,21,39900,0
2024-11-05,ARI,18,31200,0
2024-11-05,BRI,17,27800,0
2024-11-06,VEL,36,21500,0
2024-11-06,NOR,54,34900,0
2024-11-06,VOL,19,39900,0
2024-11-06,ARI,26,31200,0
2024-11-06,BRI,20,27800,0
2024-11-07,VEL,35,21500,0
2024-11-07,NOR,51,34900,0
2024-11-07,VOL,23,39900,0
2024-11-07,ARI,20,31200,0
2024-11-07,BRI,17,27800,0
2024-11-08,VEL,29,21500,0
2024-11-08,NOR,39,34900,0
2024-11-08,VOL,19,39900,0
2024-11-08,ARI,21,31200,0
2024-11-08,BRI,19,27800,0
2024-11-09,VEL,32,21500,0
2024-11-09,NOR,52,34900,0
2024-11-09,VOL,24,39900,0
2024-11-09,ARI,18,31200,0
2024-11-09,BRI,25,27800,0
2024-11-10,VEL,8,21500,0
2024-11-10,NOR,15,34900,0
2024-11-10,VOL,5,39900,0
2024-11-10,ARI,6,31200,0
2024-11-10,BRI,5,27800,0
2024-11-11,VEL,40,21500,0
2024-11-11,NOR,56,34900,0
2024-11-11,VOL,22,39900,0
2024-11-11,ARI,25,31200,0
2024-11-11,BRI,22,27800,0
2024-11-12,VEL,47,21500,0
2024-11-12,NOR,50,34900,0
2024-11-12,VOL,18,39900,0
2024-11-12,ARI,20,31200,0
2024-11-12,BRI,19,27800,0
2024-11-13,VEL,41,21500,0
2024-11-13,NOR,60,34900,0
2024-11-13,VOL,18,39900,0
2024-11-13,ARI,22,31200,0
2024-11-13,BRI,18,27800,0
2024-11-14,VEL,37,21500,0
2024-11-14,NOR,44,34900,0
2024-11-14,VOL,13,39900,0
2024-11-14,ARI,20,31200,0
2024-11-14,BRI,16,27800,0
2024-11-15,VEL,42,21500,0
2024-11-15,NOR,65,34900,0
2024-11-15,VOL,17,39900,0
2024-11-15,ARI,25,31200,0
2024-11-15,BRI,18,27800,0
2024-11-16,VEL,46,21500,0
2024-11-16,NOR,78,34900,0
2024-11-16,VOL,17,39900,0
2024-11-16,ARI,28,31200,0
2024-11-16,BRI,25,27800,0
2024-11-17,VEL,12,21500,0
2024-11-17,NOR,17,34900,0
2024-11-17,VOL,4,39900,0
2024-11-17,ARI,5,31200,0
2024-11-17,BRI,6,27800,0
2024-11-18,VEL,46,21500,0
2024-11-18,NOR,57,34900,0
2024-11-18,VOL,19,39900,0
2024-11-18,ARI,18,31200,0
2024-11-18,BRI,13,27800,0
2024-11-19,VEL,34,21500,0
2024-11-19,NOR,53,34900,0
2024-11-19,VOL,21,39900,0
2024-11-19,ARI,21,31200,0
2024-11-19,BRI,20,27800,0
2024-11-20,VEL,36,21500,0
2024-11-20,NOR,50,34900,0
2024-11-20,VOL,16,39900,0
2024-11-20,ARI,21,31200,0
2024-11-20,BRI,25,27800,0
2024-11-21,VEL,35,21500,0
2024-11-21,NOR,52,34900,0
2024-11-21,VOL,21,39900,0
2024-11-21,ARI,16,31200,0
2024-11-21,BRI,19,27800,0
2024-11-22,VEL,37,21500,0
2024-11-22,NOR,65,34900,0
2024-11-22,VOL,16,39900,0
2024-11-22,ARI,23,31200,0
2024-11-22,BRI,16,27800,0
2024-11-23,VEL,48,21500,0
2024-11-23,NOR,58,34900,0
2024-11-23,VOL,20,39900,0
2024-11-23,ARI,25,31200,0
2024-11-23,BRI,16,27800,0
2024-11-24,VEL,10,21500,0
2024-11-24,NOR,15,34900,0
2024-11-24,VOL,7,39900,0
2024-11-24,ARI,6,31200,0
2024-11-24,BRI,7,27800,0
2024-11-25,VEL,50,21500,0
2024-11-25,NOR,43,34900,0
2024-11-25,VOL,16,39900,0
2024-11-25,ARI,24,31200,0
2024-11-25,BRI,13,27800,0
2024-11-26,VEL,37,21500,0
2024-11-26,NOR,53,34900,0
2024-11-26,VOL,16,39900,0
2024-11-26,ARI,19,31200,0
2024-11-26,BRI,18,27800,0
2024-11-27,VEL,26,21500,0
2024-11-27,NOR,57,34900,0
2024-11-27,VOL,20,39900,0
2024-11-27,ARI,23,31200,0
2024-11-27,BRI,8,27800,0
2024-11-28,VEL,30,21500,0
2024-11-28,NOR,43,34900,0
2024-11-28,VOL,19,39900,0
2024-11-28,ARI,25,31200,0
2024-11-28,BRI,15,27800,0
2024-11-29,VEL,30,21500,0
2024-11-29,NOR,55,34900,0
2024-11-29,VOL,24,39900,0
2024-11-29,ARI,25,31200,0
2024-11-29,BRI,17,27800,0
2024-11-30,VEL,32,21500,0
2024-11-30,NOR,70,34900,0
2024-11-30,VOL,17,39900,0
2024-11-30,ARI,19,31200,0
2024-11-30,BRI,19,27800,0
2024-12-01,VEL,12,21500,0
2024-12-01,NOR,23,34900,0
2024-12-01,VOL,6,39900,0
2024-12-01,ARI,6,31200,0
2024-12-01,BRI,7,27800,0
2024-12-02,VEL,36,21500,0
2024-12-02,NOR,43,34900,0
2024-12-02,VOL,27,39900,0
2024-12-02,ARI,20,31200,0
2024-12-02,BRI,17,27800,0
2024-12-03,VEL,40,21500,0
2024-12-03,NOR,56,34900,0
2024-12-03,VOL,16,39900,0
2024-12-03,ARI,26,31200,0
2024-12-03,BRI,19,27800,0
2024-12-04,VEL,42,21500,0
2024-12-04,NOR,49,34900,0
2024-12-04,VOL,21,39900,0
2024-12-04,ARI,25,31200,0
2024-12-04,BRI,17,27800,0
2024-12-05,VEL,61,21500,0
2024-12-05,NOR,63,34900,0
2024-12-05,VOL,19,39900,0
2024-12-05,ARI,22,31200,0
2024-12-05,BRI,13,27800,0
2024-12-06,VEL,51,21500,0
2024-12-06,NOR,76,34900,0
2024-12-06,VOL,19,39900,0
2024-12-06,ARI,29,31200,0
2024-12-06,BRI,27,27800,0
2024-12-07,VEL,57,21500,0
2024-12-07,NOR,80,34900,0
2024-12-07,VOL,21,39900,0
2024-12-07,ARI,28,31200,0
2024-12-07,BRI,20,27800,0
2024-12-08,VEL,16,21500,0
2024-12-08,NOR,19,34900,0
2024-12-08,VOL,8,39900,0
2024-12-08,ARI,6,31200,0
2024-12-08,BRI,8,27800,0
2024-12-09,VEL,44,21500,0
2024-12-09,NOR,44,34900,0
2024-12-09,VOL,18,39900,0
2024-12-09,ARI,25,31200,0
2024-12-09,BRI,21,27800,0
2024-12-10,VEL,39,21500,0
2024-12-10,NOR,63,34900,0
2024-12-10,VOL,18,39900,0
2024-12-10,ARI,21,31200,0
2024-12-10,BRI,27,27800,0
2024-12-11,VEL,39,21500,0
2024-12-11,NOR,59,34900,0
2024-12-11,VOL,19,39900,0
2024-12-11,ARI,28,31200,0
2024-12-11,BRI,9,27800,0
2024-12-12,VEL,51,21500,0
2024-12-12,NOR,45,34900,0
2024-12-12,VOL,12,39900,0
2024-12-12,ARI,19,31200,0
2024-12-12,BRI,20,27800,0
2024-12-13,VEL,44,21500,0
2024-12-13,NOR,53,34900,0
2024-12-13,VOL,17,39900,0
2024-12-13,ARI,27,31200,0
2024-12-13,BRI,25,27800,0
2024-12-14,VEL,42,21500,0
2024-12-14,NOR,62,34900,0
2024-12-14,VOL,17,39900,0
2024-12-14,ARI,22,31200,0
2024-12-14,BRI,26,27800,0
2024-12-15,VEL,11,21500,0
2024-12-15,NOR,14,34900,0
2024-12-15,VOL,6,39900,0
2024-12-15,ARI,6,31200,0
2024-12-15,BRI,6,27800,0
2024-12-16,VEL,38,21500,0
2024-12-16,NOR,62,34900,0
2024-12-16,VOL,21,39900,0
2024-12-16,ARI,13,31200,0
2024-12-16,BRI,17,27800,0
2024-12-17,VEL,41,21500,0
2024-12-17,NOR,78,34900,0
2024-12-17,VOL,18,39900,0
2024-12-17,ARI,18,31200,0
2024-12-17,BRI,25,27800,0
2024-12-18,VEL,41,21500,0
2024-12-18,NOR,51,34900,0
2024-12-18,VOL,15,39900,0
2024-12-18,ARI,23,31200,0
2024-12-18,BRI,21,27800,0
2024-12-19,VEL,32,21500,0
2024-12-19,NOR,52,34900,0
2024-12-19,VOL,21,39900,0
2024-12-19,ARI,32,31200,0
2024-12-19,BRI,20,27800,0
2024-12-20,VEL,50,21500,0
2024-12-20,NOR,36,34900,0
2024-12-20,VOL,18,39900,0
2024-12-20,ARI,26,31200,0
2024-12-20,BRI,22,27800,0
2024-12-21,VEL,38,21500,0
2024-12-21,NOR,43,34900,0
2024-12-21,VOL,24,39900,0
2024-12-21,ARI,20,31200,0
2024-12-21,BRI,22,27800,0
2024-12-22,VEL,7,21500,0
2024-12-22,NOR,23,34900,0
2024-12-22,VOL,7,39900,0
2024-12-22,ARI,5,31200,0
2024-12-22,BRI,6,27800,0
2024-12-23,VEL,42,21500,0
2024-12-23,NOR,55,34900,0
2024-12-23,VOL,25,39900,0
2024-12-23,ARI,24,31200,0
2024-12-23,BRI,19,27800,0
2024-12-24,VEL,41,21500,0
2024-12-24,NOR,52,34900,0
2024-12-24,VOL,16,39900,0
2024-12-24,ARI,21,31200,0
2024-12-24,BRI,21,27800,0
2024-12-25,VEL,44,21500,0
2024-12-25,NOR,72,34900,0
2024-12-25,VOL,13,39900,0
2024-12-25,ARI,21,31200,0
2024-12-25,BRI,21,27800,0
2024-12-26,VEL,51,21500,0
2024-12-26,NOR,62,34900,0
2024-12-26,VOL,16,39900,0
2024-12-26,ARI,21,31200,0
2024-12-26,BRI,21,27800,0
2024-12-27,VEL,47,21500,0
2024-12-27,NOR,63,34900,0
2024-12-27,VOL,14,39900,0
2024-12-27,ARI,29,31200,0
2024-12-27,BRI,23,27800,0
2024-12-28,VEL,58,21500,0
2024-12-28,NOR,48,34900,0
2024-12-28,VOL,17,39900,0
2024-12-28,ARI,23,31200,0
2024-12-28,BRI,24,27800,0
2024-12-29,VEL,11,21500,0
2024-12-29,NOR,19,34900,0
2024-12-29,VOL,7,39900,0
2024-12-29,ARI,6,31200,0
2024-12-29,BRI,9,27800,0
2024-12-30,VEL,49,21500,0
2024-12-30,NOR,65,34900,0
2024-12-30,VOL,21,39900,0
2024-12-30,ARI,28,31200,0
2024-12-30,BRI,21,27800,0
2024-12-31,VEL,46,21500,0
2024-12-31,NOR,39,34900,0
2024-12-31,VOL,22,39900,0
2024-12-31,ARI,20,31200,0
2024-12-31,BRI,16,27800,0
2025-01-01,VEL,22,21500,0
2025-01-01,NOR,35,34900,0
2025-01-01,VOL,17,39900,0
2025-01-01,ARI,22,31200,0
2025-01-01,BRI,19,27800,0
2025-01-02,VEL,29,21500,0
2025-01-02,NOR,45,34900,0
2025-01-02,VOL,12,39900,0
2025-01-02,ARI,16,31200,0
2025-01-02,BRI,13,27800,0
2025-01-03,VEL,26,21500,0
2025-01-03,NOR,54,34900,0
2025-01-03,VOL,21,39900,0
2025-01-03,ARI,25,31200,0
2025-01-03,BRI,20,27800,0
2025-01-04,VEL,46,21500,0
2025-01-04,NOR,62,34900,0
2025-01-04,VOL,18,39900,0
2025-01-04,ARI,13,31200,0
2025-01-04,BRI,27,27800,0
2025-01-05,VEL,8,21500,0
2025-01-05,NOR,13,34900,0
2025-01-05,VOL,3,39900,0
2025-01-05,ARI,4,31200,0
2025-01-05,BRI,4,27800,0
2025-01-06,VEL,44,21500,0
2025-01-06,NOR,55,34900,0
2025-01-06,VOL,20,39900,0
2025-01-06,ARI,15,31200,0
2025-01-06,BRI,15,27800,0
2025-01-07,VEL,38,21500,0
2025-01-07,NOR,55,34900,0
2025-01-07,VOL,14,39900,0
2025-01-07,ARI,14,31200,0
2025-01-07,BRI,17,27800,0
2025-01-08,VEL,21,21500,0
2025-01-08,NOR,64,34900,0
2025-01-08,VOL,16,39900,0
2025-01-08,ARI,15,31200,0
2025-01-08,BRI,19,27800,0
2025-01-09,VEL,39,21500,0
2025-01-09,NOR,61,34900,0
2025-01-09,VOL,13,39900,0
2025-01-09,ARI,15,31200,0
2025-01-09,BRI,19,27800,0
2025-01-10,VEL,32,21500,0
2025-01-10,NOR,45,34900,0
2025-01-10,VOL,21,39900,0
2025-01-10,ARI,17,31200,0
2025-01-10,BRI,18,27800,0
2025-01-11,VEL,20,21500,0
2025-01-11,NOR,55,34900,0
2025-01-11,VOL,17,39900,0
2025-01-11,ARI,22,31200,0
2025-01-11,BRI,20,27800,0
2025-01-12,VEL,13,21500,0
2025-01-12,NOR,18,34900,0
2025-01-12,VOL,5,39900,0
2025-01-12,ARI,5,31200,0
2025-01-12,BRI,5,27800,0
2025-01-13,VEL,30,21500,0
2025-01-13,NOR,38,34900,0
2025-01-13,VOL,18,39900,0
2025-01-13,ARI,19,31200,0
2025-01-13,BRI,17,27800,0
2025-01-14,VEL,34,21500,0
2025-01-14,NOR,36,34900,0
2025-01-14,VOL,15,39900,0
2025-01-14,ARI,20,31200,0
2025-01-14,BRI,13,27800,0
2025-01-15,VEL,42,21500,0
2025-01-15,NOR,41,34900,0
2025-01-15,VOL,13,39900,0
2025-01-15,ARI,11,31200,0
2025-01-15,BRI,20,27800,0
2025-01-16,VEL,27,21500,0
2025-01-16,NOR,44,34900,0
2025-01-16,VOL,18,39900,0
2025-01-16,ARI,21,31200,0
2025-01-16,BRI,14,27800,0
2025-01-17,VEL,36,21500,0
2025-01-17,NOR,51,34900,0
2025-01-17,VOL,16,39900,0
2025-01-17,ARI,18,31200,0
2025-01-17,BRI,13,27800,0
2025-01-18,VEL,41,21500,0
2025-01-18,NOR,55,34900,0
2025-01-18,VOL,14,39900,0
2025-01-18,ARI,19,31200,0
2025-01-18,BRI,16,27800,0
2025-01-19,VEL,11,21500,0
2025-01-19,NOR,9,34900,0
2025-01-19,VOL,7,39900,0
2025-01-19,ARI,5,31200,0
2025-01-19,BRI,4,27800,0
2025-01-20,VEL,39,21500,0
2025-01-20,NOR,34,34900,0
2025-01-20,VOL,16,39900,0
2025-01-20,ARI,13,31200,0
2025-01-20,BRI,20,27800,0
2025-01-21,VEL,28,21500,0
2025-01-21,NOR,43,34900,0
2025-01-21,VOL,16,39900,0
2025-01-21,ARI,15,31200,0
2025-01-21,BRI,15,27800,0
2025-01-22,VEL,22,21500,0
2025-01-22,NOR,55,34900,0
2025-01-22,VOL,14,39900,0
2025-01-22,ARI,18,31200,0
2025-01-22,BRI,15,27800,0
2025-01-23,VEL,29,21500,0
2025-01-23,NOR,37,34900,0
2025-01-23,VOL,20,39900,0
2025-01-23,ARI,14,31200,0
2025-01-23,BRI,17,27800,0
2025-01-24,VEL,31,21500,0
2025-01-24,NOR,60,34900,0
2025-01-24,VOL,15,39900,0
2025-01-24,ARI,19,31200,0
2025-01-24,BRI,14,27800,0
2025-01-25,VEL,25,21500,0
2025-01-25,NOR,29,34900,0
2025-01-25,VOL,20,39900,0
2025-01-25,ARI,19,31200,0
2025-01-25,BRI,18,27800,0
2025-01-26,VEL,10,21500,0
2025-01-26,NOR,13,34900,0
2025-01-26,VOL,4,39900,0
2025-01-26,ARI,5,31200,0
2025-01-26,BRI,6,27800,0
2025-01-27,VEL,31,21500,0
2025-01-27,NOR,46,34900,0
2025-01-27,VOL,18,39900,0
2025-01-27,ARI,16,31200,0
2025-01-27,BRI,16,27800,0
2025-01-28,VEL,35,21500,0
2025-01-28,NOR,49,34900,0
2025-01-28,VOL,16,39900,0
2025-01-28,ARI,12,31200,0
2025-01-28,BRI,11,27800,0
2025-01-29,VEL,33,21500,0
2025-01-29,NOR,44,34900,0
2025-01-29,VOL,15,39900,0
2025-01-29,ARI,19,31200,0
2025-01-29,BRI,14,27800,0
2025-01-30,VEL,24,21500,0
2025-01-30,NOR,53,34900,0
2025-01-30,VOL,20,39900,0
2025-01-30,ARI,14,31200,0
2025-01-30,BRI,18,27800,0
2025-01-31,VEL,24,21500,0
2025-01-31,NOR,20,34900,0
2025-01-31,VOL,20,39900,0
2025-01-31,ARI,25,31200,0
2025-01-31,BRI,23,27800,0
2025-02-01,VEL,39,21500,0
2025-02-01,NOR,49,34900,0
2025-02-01,VOL,18,39900,0
2025-02-01,ARI,22,31200,0
2025-02-01,BRI,15,27800,0
2025-02-02,VEL,14,21500,0
2025-02-02,NOR,10,34900,0
2025-02-02,VOL,5,39900,0
2025-02-02,ARI,7,31200,0
2025-02-02,BRI,6,27800,0
2025-02-03,VEL,40,21500,0
2025-02-03,NOR,39,34900,0
2025-02-03,VOL,18,39900,0
2025-02-03,ARI,25,31200,0
2025-02-03,BRI,24,27800,0
2025-02-04,VEL,28,21500,0
2025-02-04,NOR,56,34900,0
2025-02-04,VOL,11,39900,0
2025-02-04,ARI,14,31200,0
2025-02-04,BRI,12,27800,0
2025-02-05,VEL,24,21500,0
2025-02-05,NOR,37,34900,0
2025-02-05,VOL,17,39900,0
2025-02-05,ARI,17,31200,0
2025-02-05,BRI,13,27800,0
2025-02-06,VEL,25,21500,0
2025-02-06,NOR,55,34900,0
2025-02-06,VOL,23,39900,0
2025-02-06,ARI,24,31200,0
2025-02-06,BRI,15,27800,0
2025-02-07,VEL,47,21500,0
2025-02-07,NOR,43,34900,0
2025-02-07,VOL,18,39900,0
2025-02-07,ARI,20,31200,0
2025-02-07,BRI,16,27800,0
2025-02-08,VEL,46,21500,0
2025-02-08,NOR,73,34900,0
2025-02-08,VOL,20,39900,0
2025-02-08,ARI,23,31200,0
2025-02-08,BRI,19,27800,0
2025-02-09,VEL,13,21500,0
2025-02-09,NOR,19,34900,0
2025-02-09,VOL,5,39900,0
2025-02-09,ARI,5,31200,0
2025-02-09,BRI,5,27800,0
2025-02-10,VEL,30,21500,0
2025-02-10,NOR,54,34900,0
2025-02-10,VOL,22,39900,0
2025-02-10,ARI,14,31200,0
2025-02-10,BRI,18,27800,0
2025-02-11,VEL,39,21500,0
2025-02-11,NOR,55,34900,0
2025-02-11,VOL,16,39900,0
2025-02-11,ARI,22,31200,0
2025-02-11,BRI,18,27800,0
2025-02-12,VEL,39,21500,0
2025-02-12,NOR,60,34900,0
2025-02-12,VOL,16,39900,0
2025-02-12,ARI,16,31200,0
2025-02-12,BRI,14,27800,0
2025-02-13,VEL,33,21500,0
2025-02-13,NOR,49,34900,0
2025-02-13,VOL,18,39900,0
2025-02-13,ARI,16,31200,0
2025-02-13,BRI,14,27800,0
2025-02-14,VEL,37,21500,0
2025-02-14,NOR,44,34900,0
2025-02-14,VOL,22,39900,0
2025-02-14,ARI,19,31200,0
2025-02-14,BRI,13,27800,0
2025-02-15,VEL,42,21500,0
2025-02-15,NOR,76,34900,0
2025-02-15,VOL,19,39900,0
2025-02-15,ARI,27,31200,0
2025-02-15,BRI,23,27800,0
2025-02-16,VEL,9,21500,0
2025-02-16,NOR,15,34900,0
2025-02-16,VOL,6,39900,0
2025-02-16,ARI,4,31200,0
2025-02-16,BRI,7,27800,0
2025-02-17,VEL,27,21500,0
2025-02-17,NOR,59,34900,0
2025-02-17,VOL,16,39900,0
2025-02-17,ARI,15,31200,0
2025-02-17,BRI,18,27800,0
2025-02-18,VEL,26,21500,0
2025-02-18,NOR,45,34900,0
2025-02-18,VOL,14,39900,0
2025-02-18,ARI,21,31200,0
2025-02-18,BRI,17,27800,0
2025-02-19,VEL,35,21500,0
2025-02-19,NOR,63,34900,0
2025-02-19,VOL,15,39900,0
2025-02-19,ARI,12,31200,0
2025-02-19,BRI,15,27800,0
2025-02-20,VEL,41,21500,0
2025-02-20,NOR,42,34900,0
2025-02-20,VOL,18,39900,0
2025-02-20,ARI,20,31200,0
2025-02-20,BRI,12,27800,0
2025-02-21,VEL,24,21500,0
2025-02-21,NOR,70,34900,0
2025-02-21,VOL,6,39900,0
2025-02-21,ARI,22,31200,0
2025-02-21,BRI,18,27800,0
2025-02-22,VEL,44,21500,0
2025-02-22,NOR,80,34900,0
2025-02-22,VOL,29,39900,0
2025-02-22,ARI,20,31200,0
2025-02-22,BRI,18,27800,0
2025-02-23,VEL,10,21500,0
2025-02-23,NOR,21,34900,0
2025-02-23,VOL,8,39900,0
2025-02-23,ARI,7,31200,0
2025-02-23,BRI,3,27800,0
2025-02-24,VEL,39,21500,0
2025-02-24,NOR,46,34900,0
2025-02-24,VOL,16,39900,0
2025-02-24,ARI,18,31200,0
2025-02-24,BRI,11,27800,0
2025-02-25,VEL,30,21500,0
2025-02-25,NOR,41,34900,0
2025-02-25,VOL,20,39900,0
2025-02-25,ARI,23,31200,0
2025-02-25,BRI,14,27800,0
2025-02-26,VEL,26,21500,0
2025-02-26,NOR,31,34900,0
2025-02-26,VOL,11,39900,0
2025-02-26,ARI,19,31200,0
2025-02-26,BRI,15,27800,0
2025-02-27,VEL,29,21500,0
2025-02-27,NOR,73,34900,0
2025-02-27,VOL,12,39900,0
2025-02-27,ARI,16,31200,0
2025-02-27,BRI,14,27800,0
2025-02-28,VEL,34,21500,0
2025-02-28,NOR,47,34900,0
2025-02-28,VOL,18,39900,0
2025-02-28,ARI,18,31200,0
2025-02-28,BRI,20,27800,0
2025-03-01,VEL,55,21500,0
2025-03-01,NOR,56,34900,0
2025-03-01,VOL,23,39900,0
2025-03-01,ARI,24,31200,0
2025-03-01,BRI,30,27800,0
2025-03-02,VEL,14,21500,0
2025-03-02,NOR,16,34900,0
2025-03-02,VOL,5,39900,0
2025-03-02,ARI,8,31200,0
2025-03-02,BRI,6,27800,0
2025-03-03,VEL,57,21500,0
2025-03-03,NOR,68,34900,0
2025-03-03,VOL,26,39900,0
2025-03-03,ARI,23,31200,0
2025-03-03,BRI,22,27800,0
2025-03-04,VEL,46,21500,0
2025-03-04,NOR,46,34900,0
2025-03-04,VOL,26,39900,0
2025-03-04,ARI,27,31200,0
2025-03-04,BRI,16,27800,0
2025-03-05,VEL,49,21500,0
2025-03-05,NOR,62,34900,0
2025-03-05,VOL,28,39900,0
2025-03-05,ARI,21,31200,0
2025-03-05,BRI,24,27800,0
2025-03-06,VEL,45,21500,0
2025-03-06,NOR,118,34900,0
2025-03-06,VOL,16,39900,0
2025-03-06,ARI,20,31200,0
2025-03-06,BRI,22,27800,0
2025-03-07,VEL,36,21500,0
2025-03-07,NOR,81,34900,0
2025-03-07,VOL,23,39900,0
2025-03-07,ARI,10,31200,0
2025-03-07,BRI,22,27800,0
2025-03-08,VEL,49,21500,0
2025-03-08,NOR,57,34900,0
2025-03-08,VOL,32,39900,0
2025-03-08,ARI,21,31200,0
2025-03-08,BRI,22,27800,0
2025-03-09,VEL,15,21500,0
2025-03-09,NOR,17,34900,0
2025-03-09,VOL,6,39900,0
2025-03-09,ARI,7,31200,0
2025-03-09,BRI,8,27800,0
2025-03-10,VEL,40,21500,0
2025-03-10,NOR,55,34900,0
2025-03-10,VOL,16,39900,0
2025-03-10,ARI,27,31200,0
2025-03-10,BRI,19,27800,0
2025-03-11,VEL,38,21500,0
2025-03-11,NOR,76,34900,0
2025-03-11,VOL,19,39900,0
2025-03-11,ARI,25,31200,0
2025-03-11,BRI,17,27800,0
2025-03-12,VEL,39,21500,0
2025-03-12,NOR,52,34900,0
2025-03-12,VOL,20,39900,0
2025-03-12,ARI,18,31200,0
2025-03-12,BRI,22,27800,0
2025-03-13,VEL,40,21500,0
2025-03-13,NOR,65,34900,0
2025-03-13,VOL,26,39900,0
2025-03-13,ARI,18,31200,0
2025-03-13,BRI,19,27800,0
2025-03-14,VEL,55,21500,0
2025-03-14,NOR,79,34900,0
2025-03-14,VOL,26,39900,0
2025-03-14,ARI,26,31200,0
2025-03-14,BRI,16,27800,0
2025-03-15,VEL,58,21500,0
2025-03-15,NOR,86,34900,0
2025-03-15,VOL,30,39900,0
2025-03-15,ARI,19,31200,0
2025-03-15,BRI,20,27800,0
2025-03-16,VEL,16,21500,0
2025-03-16,NOR,21,34900,0
2025-03-16,VOL,5,39900,0
2025-03-16,ARI,7,31200,0
2025-03-16,BRI,6,27800,0
2025-03-17,VEL,42,21500,0
2025-03-17,NOR,57,34900,0
2025-03-17,VOL,14,39900,0
2025-03-17,ARI,30,31200,0
2025-03-17,BRI,23,27800,0
2025-03-18,VEL,47,21500,0
2025-03-18,NOR,57,34900,0
2025-03-18,VOL,23,39900,0
2025-03-18,ARI,16,31200,0
2025-03-18,BRI,22,27800,0
2025-03-19,VEL,32,21500,0
2025-03-19,NOR,45,34900,0
2025-03-19,VOL,25,39900,0
2025-03-19,ARI,24,31200,0
2025-03-19,BRI,26,27800,0
2025-03-20,VEL,39,21500,0
2025-03-20,NOR,64,34900,0
2025-03-20,VOL,22,39900,0
2025-03-20,ARI,23,31200,0
2025-03-20,BRI,17,27800,0
2025-03-21,VEL,39,21500,0
2025-03-21,NOR,64,34900,0
2025-03-21,VOL,24,39900,0
2025-03-21,ARI,26,31200,0
2025-03-21,BRI,22,27800,0
2025-03-22,VEL,56,21500,0
2025-03-22,NOR,60,34900,0
2025-03-22,VOL,19,39900,0
2025-03-22,ARI,32,31200,0
2025-03-22,BRI,24,27800,0
2025-03-23,VEL,13,21500,0
2025-03-23,NOR,22,34900,0
2025-03-23,VOL,7,39900,0
2025-03-23,ARI,9,31200,0
2025-03-23,BRI,8,27800,0
2025-03-24,VEL,58,21500,0
2025-03-24,NOR,77,34900,0
2025-03-24,VOL,12,39900,0
2025-03-24,ARI,16,31200,0
2025-03-24,BRI,22,27800,0
2025-03-25,VEL,22,21500,0
2025-03-25,NOR,73,34900,0
2025-03-25,VOL,13,39900,0
2025-03-25,ARI,27,31200,0
2025-03-25,BRI,22,27800,0
2025-03-26,VEL,33,21500,0
2025-03-26,NOR,75,34900,0
2025-03-26,VOL,20,39900,0
2025-03-26,ARI,21,31200,0
2025-03-26,BRI,14,27800,0
2025-03-27,VEL,44,21500,0
2025-03-27,NOR,67,34900,0
2025-03-27,VOL,18,39900,0
2025-03-27,ARI,19,31200,0
2025-03-27,BRI,18,27800,0
2025-03-28,VEL,44,21500,0
2025-03-28,NOR,53,34900,0
2025-03-28,VOL,22,39900,0
2025-03-28,ARI,32,31200,0
2025-03-28,BRI,18,27800,0
2025-03-29,VEL,54,21500,0
2025-03-29,NOR,47,34900,0
2025-03-29,VOL,25,39900,0
2025-03-29,ARI,29,31200,0
2025-03-29,BRI,24,27800,0
2025-03-30,VEL,8,21500,0
2025-03-30,NOR,22,34900,0
2025-03-30,VOL,6,39900,0
2025-03-30,ARI,6,31200,0
2025-03-30,BRI,7,27800,0
2025-03-31,VEL,39,21500,0
2025-03-31,NOR,48,34900,0
2025-03-31,VOL,31,39900,0
2025-03-31,ARI,18,31200,0
2025-03-31,BRI,20,27800,0
2025-04-01,VEL,40,21500,0
2025-04-01,NOR,49,34900,0
2025-04-01,VOL,15,39900,0
2025-04-01,ARI,22,31200,0
2025-04-01,BRI,14,27800,0
2025-04-02,VEL,41,21500,0
2025-04-02,NOR,56,34900,0
2025-04-02,VOL,18,39900,0
2025-04-02,ARI,23,31200,0
2025-04-02,BRI,17,27800,0
2025-04-03,VEL,35,21500,0
2025-04-03,NOR,55,34900,0
2025-04-03,VOL,19,39900,0
2025-04-03,ARI,22,31200,0
2025-04-03,BRI,19,27800,0
2025-04-04,VEL,49,21500,0
2025-04-04,NOR,50,34900,0
2025-04-04,VOL,23,39900,0
2025-04-04,ARI,25,31200,0
2025-04-04,BRI,18,27800,0
2025-04-05,VEL,37,21500,0
2025-04-05,NOR,59,34900,0
2025-04-05,VOL,17,39900,0
2025-04-05,ARI,22,31200,0
2025-04-05,BRI,19,27800,0
2025-04-06,VEL,13,21500,0
2025-04-06,NOR,20,34900,0
2025-04-06,VOL,7,39900,0
2025-04-06,ARI,5,31200,0
2025-04-06,BRI,5,27800,0
2025-04-07,VEL,34,21500,0
2025-04-07,NOR,55,34900,0
2025-04-07,VOL,21,39900,0
2025-04-07,ARI,29,31200,0
2025-04-07,BRI,17,27800,0
2025-04-08,VEL,38,21500,0
2025-04-08,NOR,54,34900,0
2025-04-08,VOL,19,39900,0
2025-04-08,ARI,22,31200,0
2025-04-08,BRI,21,27800,0
2025-04-09,VEL,36,21500,0
2025-04-09,NOR,44,34900,0
2025-04-09,VOL,15,39900,0
2025-04-09,ARI,21,31200,0
2025-04-09,BRI,10,27800,0
2025-04-10,VEL,42,21500,0
2025-04-10,NOR,76,34900,0
2025-04-10,VOL,18,39900,0
2025-04-10,ARI,23,31200,0
2025-04-10,BRI,19,27800,0
2025-04-11,VEL,43,21500,0
2025-04-11,NOR,79,34900,0
2025-04-11,VOL,19,39900,0
2025-04-11,ARI,22,31200,0
2025-04-11,BRI,19,27800,0
2025-04-12,VEL,45,21500,0
2025-04-12,NOR,78,34900,0
2025-04-12,VOL,24,39900,0
2025-04-12,ARI,24,31200,0
2025-04-12,BRI,28,27800,0
2025-04-13,VEL,12,21500,0
2025-04-13,NOR,21,34900,0
2025-04-13,VOL,5,39900,0
2025-04-13,ARI,6,31200,0
2025-04-13,BRI,7,27800,0
2025-04-14,VEL,29,21500,0
2025-04-14,NOR,60,34900,0
2025-04-14,VOL,17,39900,0
2025-04-14,ARI,11,31200,0
2025-04-14,BRI,19,27800,0
2025-04-15,VEL,31,21500,0
2025-04-15,NOR,47,34900,0
2025-04-15,VOL,19,39900,0
2025-04-15,ARI,24,31200,0
2025-04-15,BRI,20,27800,0
2025-04-16,VEL,38,21500,0
2025-04-16,NOR,79,34900,0
2025-04-16,VOL,10,39900,0
2025-04-16,ARI,21,31200,0
2025-04-16,BRI,14,27800,0
2025-04-17,VEL,43,21500,0
2025-04-17,NOR,83,34900,0
2025-04-17,VOL,20,39900,0
2025-04-17,ARI,20,31200,0
2025-04-17,BRI,19,27800,0
2025-04-18,VEL,42,21500,0
2025-04-18,NOR,48,34900,0
2025-04-18,VOL,26,39900,0
2025-04-18,ARI,22,31200,0
2025-04-18,BRI,21,27800,0
2025-04-19,VEL,36,21500,0
2025-04-19,NOR,68,34900,0
2025-04-19,VOL,16,39900,0
2025-04-19,ARI,20,31200,0
2025-04-19,BRI,22,27800,0
2025-04-20,VEL,16,21500,0
2025-04-20,NOR,22,34900,0
2025-04-20,VOL,6,39900,0
2025-04-20,ARI,6,31200,0
2025-04-20,BRI,6,27800,0
2025-04-21,VEL,33,21500,0
2025-04-21,NOR,64,34900,0
2025-04-21,VOL,20,39900,0
2025-04-21,ARI,19,31200,0
2025-04-21,BRI,14,27800,0
2025-04-22,VEL,41,21500,0
2025-04-22,NOR,18,34900,0
2025-04-22,VOL,22,39900,0
2025-04-22,ARI,15,31200,0
2025-04-22,BRI,10,27800,0
2025-04-23,VEL,28,21500,0
2025-04-23,NOR,33,34900,0
2025-04-23,VOL,14,39900,0
2025-04-23,ARI,15,31200,0
2025-04-23,BRI,17,27800,0
2025-04-24,VEL,42,21500,0
2025-04-24,NOR,54,34900,0
2025-04-24,VOL,18,39900,0
2025-04-24,ARI,20,31200,0
2025-04-24,BRI,10,27800,0
2025-04-25,VEL,35,21500,0
2025-04-25,NOR,49,34900,0
2025-04-25,VOL,21,39900,0
2025-04-25,ARI,32,31200,0
2025-04-25,BRI,20,27800,0
2025-04-26,VEL,40,21500,0
2025-04-26,NOR,60,34900,0
2025-04-26,VOL,14,39900,0
2025-04-26,ARI,11,31200,0
2025-04-26,BRI,21,27800,0
2025-04-27,VEL,14,21500,0
2025-04-27,NOR,20,34900,0
2025-04-27,VOL,5,39900,0
2025-04-27,ARI,5,31200,0
2025-04-27,BRI,5,27800,0
2025-04-28,VEL,34,21500,0
2025-04-28,NOR,57,34900,0
2025-04-28,VOL,18,39900,0
2025-04-28,ARI,19,31200,0
2025-04-28,BRI,20,27800,0
2025-04-29,VEL,36,21500,0
2025-04-29,NOR,51,34900,0
2025-04-29,VOL,11,39900,0
2025-04-29,ARI,18,31200,0
2025-04-29,BRI,18,27800,0
2025-04-30,VEL,41,21500,0
2025-04-30,NOR,29,34900,0
2025-04-30,VOL,18,39900,0
2025-04-30,ARI,16,31200,0
2025-04-30,BRI,18,27800,0
2025-05-01,VEL,35,21500,0
2025-05-01,NOR,63,34900,0
2025-05-01,VOL,23,39900,0
2025-05-01,ARI,14,31200,0
2025-05-01,BRI,21,27800,0
2025-05-02,VEL,48,21500,0
2025-05-02,NOR,59,34900,0
2025-05-02,VOL,25,39900,0
2025-05-02,ARI,24,31200,0
2025-05-02,BRI,32,27800,0
2025-05-03,VEL,46,21500,0
2025-05-03,NOR,51,34900,0
2025-05-03,VOL,31,39900,0
2025-05-03,ARI,13,31200,0
2025-05-03,BRI,25,27800,0
2025-05-04,VEL,8,21500,0
2025-05-04,NOR,18,34900,0
2025-05-04,VOL,8,39900,0
2025-05-04,ARI,7,31200,0
2025-05-04,BRI,8,27800,0
2025-05-05,VEL,50,21500,0
2025-05-05,NOR,54,34900,0
2025-05-05,VOL,18,39900,0
2025-05-05,ARI,21,31200,0
2025-05-05,BRI,21,27800,0
2025-05-06,VEL,50,21500,0
2025-05-06,NOR,50,34900,0
2025-05-06,VOL,31,39900,0
2025-05-06,ARI,24,31200,0
2025-05-06,BRI,21,27800,0
2025-05-07,VEL,33,21500,0
2025-05-07,NOR,58,34900,0
2025-05-07,VOL,17,39900,0
2025-05-07,ARI,22,31200,0
2025-05-07,BRI,16,27800,0
2025-05-08,VEL,32,21500,0
2025-05-08,NOR,71,34900,0
2025-05-08,VOL,18,39900,0
2025-05-08,ARI,16,31200,0
2025-05-08,BRI,11,27800,0
2025-05-09,VEL,22,21500,0
2025-05-09,NOR,98,34900,0
2025-05-09,VOL,26,39900,0
2025-05-09,ARI,18,31200,0
2025-05-09,BRI,20,27800,0
2025-05-10,VEL,57,21500,0
2025-05-10,NOR,76,34900,0
2025-05-10,VOL,29,39900,0
2025-05-10,ARI,23,31200,0
2025-05-10,BRI,26,27800,0
2025-05-11,VEL,17,21500,0
2025-05-11,NOR,21,34900,0
2025-05-11,VOL,6,39900,0
2025-05-11,ARI,8,31200,0
2025-05-11,BRI,5,27800,0
2025-05-12,VEL,44,21500,0
2025-05-12,NOR,61,34900,0
2025-05-12,VOL,24,39900,0
2025-05-12,ARI,14,31200,0
2025-05-12,BRI,21,27800,0
2025-05-13,VEL,30,21500,0
2025-05-13,NOR,84,34900,0
2025-05-13,VOL,19,39900,0
2025-05-13,ARI,18,31200,0
2025-05-13,BRI,11,27800,0
2025-05-14,VEL,38,21500,0
2025-05-14,NOR,67,34900,0
2025-05-14,VOL,18,39900,0
2025-05-14,ARI,15,31200,0
2025-05-14,BRI,15,27800,0
2025-05-15,VEL,46,21500,0
2025-05-15,NOR,61,34900,0
2025-05-15,VOL,24,39900,0
2025-05-15,ARI,13,31200,0
2025-05-15,BRI,21,27800,0
2025-05-16,VEL,49,21500,0
2025-05-16,NOR,75,34900,0
2025-05-16,VOL,17,39900,0
2025-05-16,ARI,25,31200,0
2025-05-16,BRI,16,27800,0
2025-05-17,VEL,57,21500,0
2025-05-17,NOR,42,34900,0
2025-05-17,VOL,30,39900,0
2025-05-17,ARI,23,31200,0
2025-05-17,BRI,15,27800,0
2025-05-18,VEL,12,21500,0
2025-05-18,NOR,16,34900,0
2025-05-18,VOL,5,39900,0
2025-05-18,ARI,7,31200,0
2025-05-18,BRI,5,27800,0
2025-05-19,VEL,41,21500,0
2025-05-19,NOR,60,34900,0
2025-05-19,VOL,21,39900,0
2025-05-19,ARI,24,31200,0
2025-05-19,BRI,23,27800,0
2025-05-20,VEL,35,21500,0
2025-05-20,NOR,65,34900,0
2025-05-20,VOL,17,39900,0
2025-05-20,ARI,16,31200,0
2025-05-20,BRI,15,27800,0
2025-05-21,VEL,36,21500,0
2025-05-21,NOR,70,34900,0
2025-05-21,VOL,19,39900,0
2025-05-21,ARI,23,31200,0
2025-05-21,BRI,25,27800,0
2025-05-22,VEL,33,21500,0
2025-05-22,NOR,71,34900,0
2025-05-22,VOL,22,39900,0
2025-05-22,ARI,25,31200,0
2025-05-22,BRI,20,27800,0
2025-05-23,VEL,40,21500,0
2025-05-23,NOR,96,34900,0
2025-05-23,VOL,28,39900,0
2025-05-23,ARI,31,31200,0
2025-05-23,BRI,23,27800,0
2025-05-24,VEL,46,21500,0
2025-05-24,NOR,88,34900,0
2025-05-24,VOL,24,39900,0
2025-05-24,ARI,24,31200,0
2025-05-24,BRI,23,27800,0
2025-05-25,VEL,6,21500,0
2025-05-25,NOR,24,34900,0
2025-05-25,VOL,5,39900,0
2025-05-25,ARI,7,31200,0
2025-05-25,BRI,8,27800,0
2025-05-26,VEL,32,21500,0
2025-05-26,NOR,62,34900,0
2025-05-26,VOL,20,39900,0
2025-05-26,ARI,20,31200,0
2025-05-26,BRI,19,27800,0
2025-05-27,VEL,40,21500,0
2025-05-27,NOR,49,34900,0
2025-05-27,VOL,16,39900,0
2025-05-27,ARI,24,31200,0
2025-05-27,BRI,16,27800,0
2025-05-28,VEL,33,21500,0
2025-05-28,NOR,59,34900,0
2025-05-28,VOL,18,39900,0
2025-05-28,ARI,19,31200,0
2025-05-28,BRI,15,27800,0
2025-05-29,VEL,54,21500,0
2025-05-29,NOR,86,34900,0
2025-05-29,VOL,26,39900,0
2025-05-29,ARI,21,31200,0
2025-05-29,BRI,19,27800,0
2025-05-30,VEL,46,21500,0
2025-05-30,NOR,67,34900,0
2025-05-30,VOL,26,39900,0
2025-05-30,ARI,31,31200,0
2025-05-30,BRI,18,27800,0
2025-05-31,VEL,41,21500,0
2025-05-31,NOR,51,34900,0
2025-05-31,VOL,23,39900,0
2025-05-31,ARI,26,31200,0
2025-05-31,BRI,18,27800,0
2025-06-01,VEL,14,21500,1
2025-06-01,NOR,17,34900,1
2025-06-01,VOL,10,39900,1
2025-06-01,ARI,7,31200,1
2025-06-01,BRI,6,27800,1
2025-06-02,VEL,39,21500,1
2025-06-02,NOR,33,34900,1
2025-06-02,VOL,23,39900,1
2025-06-02,ARI,18,31200,1
2025-06-02,BRI,25,27800,1
2025-06-03,VEL,44,21500,1
2025-06-03,NOR,45,34900,1
2025-06-03,VOL,23,39900,1
2025-06-03,ARI,32,31200,1
2025-06-03,BRI,23,27800,1
2025-06-04,VEL,48,21500,1
2025-06-04,NOR,84,34900,1
2025-06-04,VOL,23,39900,1
2025-06-04,ARI,28,31200,1
2025-06-04,BRI,18,27800,1
2025-06-05,VEL,45,21500,1
2025-06-05,NOR,72,34900,1
2025-06-05,VOL,24,39900,1
2025-06-05,ARI,26,31200,1
2025-06-05,BRI,19,27800,1
2025-06-06,VEL,57,21500,1
2025-06-06,NOR,87,34900,1
2025-06-06,VOL,33,39900,1
2025-06-06,ARI,23,31200,1
2025-06-06,BRI,20,27800,1
2025-06-07,VEL,65,21500,1
2025-06-07,NOR,97,34900,1
2025-06-07,VOL,31,39900,1
2025-06-07,ARI,28,31200,1
2025-06-07,BRI,18,27800,1
2025-06-08,VEL,19,21500,1
2025-06-08,NOR,15,34900,1
2025-06-08,VOL,10,39900,1
2025-06-08,ARI,8,31200,1
2025-06-08,BRI,8,27800,1
2025-06-09,VEL,47,21500,1
2025-06-09,NOR,80,34900,1
2025-06-09,VOL,23,39900,1
2025-06-09,ARI,24,31200,1
2025-06-09,BRI,21,27800,1
2025-06-10,VEL,43,21500,1
2025-06-10,NOR,70,34900,1
2025-06-10,VOL,25,39900,1
2025-06-10,ARI,22,31200,1
2025-06-10,BRI,27,27800,1
2025-06-11,VEL,47,21500,1
2025-06-11,NOR,58,34900,1
2025-06-11,VOL,21,39900,1
2025-06-11,ARI,27,31200,1
2025-06-11,BRI,27,27800,1
2025-06-12,VEL,59,21500,1
2025-06-12,NOR,60,34900,1
2025-06-12,VOL,29,39900,1
2025-06-12,ARI,23,31200,1
2025-06-12,BRI,16,27800,1
2025-06-13,VEL,59,21500,1
2025-06-13,NOR,66,34900,1
2025-06-13,VOL,33,39900,1
2025-06-13,ARI,34,31200,1
2025-06-13,BRI,24,27800,1
2025-06-14,VEL,42,21500,1
2025-06-14,NOR,100,34900,1
2025-06-14,VOL,23,39900,1
2025-06-14,ARI,27,31200,1
2025-06-14,BRI,27,27800,1
2025-06-15,VEL,17,21500,1
2025-06-15,NOR,21,34900,1
2025-06-15,VOL,7,39900,1
2025-06-15,ARI,5,31200,1
2025-06-15,BRI,7,27800,1
2025-06-16,VEL,51,21500,1
2025-06-16,NOR,55,34900,1
2025-06-16,VOL,21,39900,1
2025-06-16,ARI,17,31200,1
2025-06-16,BRI,23,27800,1
2025-06-17,VEL,52,21500,1
2025-06-17,NOR,84,34900,1
2025-06-17,VOL,25,39900,1
2025-06-17,ARI,30,31200,1
2025-06-17,BRI,18,27800,1
2025-06-18,VEL,37,21500,1
2025-06-18,NOR,83,34900,1
2025-06-18,VOL,20,39900,1
2025-06-18,ARI,22,31200,1
2025-06-18,BRI,20,27800,1
2025-06-19,VEL,56,21500,1
2025-06-19,NOR,66,34900,1
2025-06-19,VOL,24,39900,1
2025-06-19,ARI,23,31200,1
2025-06-19,BRI,25,27800,1
2025-06-20,VEL,41,21500,1
2025-06-20,NOR,96,34900,1
2025-06-20,VOL,28,39900,1
2025-06-20,ARI,29,31200,1
2025-06-20,BRI,16,27800,1
2025-06-21,VEL,56,21500,1
2025-06-21,NOR,85,34900,1
2025-06-21,VOL,24,39900,1
2025-06-21,ARI,27,31200,1
2025-06-21,BRI,22,27800,1
2025-06-22,VEL,19,21500,1
2025-06-22,NOR,20,34900,1
2025-06-22,VOL,9,39900,1
2025-06-22,ARI,8,31200,1
2025-06-22,BRI,7,27800,1
2025-06-23,VEL,36,21500,1
2025-06-23,NOR,98,34900,1
2025-06-23,VOL,19,39900,1
2025-06-23,ARI,14,31200,1
2025-06-23,BRI,22,27800,1
2025-06-24,VEL,42,21500,1
2025-06-24,NOR,32,34900,1
2025-06-24,VOL,20,39900,1
2025-06-24,ARI,22,31200,1
2025-06-24,BRI,17,27800,1
2025-06-25,VEL,46,21500,1
2025-06-25,NOR,104,34900,1
2025-06-25,VOL,24,39900,1
2025-06-25,ARI,22,31200,1
2025-06-25,BRI,18,27800,1
2025-06-26,VEL,31,21500,1
2025-06-26,NOR,72,34900,1
2025-06-26,VOL,24,39900,1
2025-06-26,ARI,18,31200,1
2025-06-26,BRI,30,27800,1
2025-06-27,VEL,44,21500,1
2025-06-27,NOR,78,34900,1
2025-06-27,VOL,29,39900,1
2025-06-27,ARI,29,31200,1
2025-06-27,BRI,31,27800,1
2025-06-28,VEL,56,21500,1
2025-06-28,NOR,66,34900,1
2025-06-28,VOL,24,39900,1
2025-06-28,ARI,18,31200,1
2025-06-28,BRI,33,27800,1
2025-06-29,VEL,11,21500,1
2025-06-29,NOR,25,34900,1
2025-06-29,VOL,9,39900,1
2025-06-29,ARI,10,31200,1
2025-06-29,BRI,6,27800,1
2025-06-30,VEL,60,21500,1
2025-06-30,NOR,39,34900,1
2025-06-30,VOL,22,39900,1
2025-06-30,ARI,24,31200,1
2025-06-30,BRI,22,27800,1
2025-07-01,VEL,42,21500,1
2025-07-01,NOR,56,34900,1
2025-07-01,VOL,16,39900,1
2025-07-01,ARI,23,31200,1
2025-07-01,BRI,20,27800,1
2025-07-02,VEL,63,21500,1
2025-07-02,NOR,72,34900,1
2025-07-02,VOL,28,39900,1
2025-07-02,ARI,20,31200,1
2025-07-02,BRI,15,27800,1
2025-07-03,VEL,45,21500,1
2025-07-03,NOR,55,34900,1
2025-07-03,VOL,36,39900,1
2025-07-03,ARI,32,31200,1
2025-07-03,BRI,19,27800,1
2025-07-04,VEL,34,21500,1
2025-07-04,NOR,64,34900,1
2025-07-04,VOL,32,39900,1
2025-07-04,ARI,21,31200,1
2025-07-04,BRI,15,27800,1
2025-07-05,VEL,46,21500,1
2025-07-05,NOR,50,34900,1
2025-07-05,VOL,26,39900,1
2025-07-05,ARI,26,31200,1
2025-07-05,BRI,25,27800,1
2025-07-06,VEL,15,21500,1
2025-07-06,NOR,23,34900,1
2025-07-06,VOL,9,39900,1
2025-07-06,ARI,8,31200,1
2025-07-06,BRI,5,27800,1
2025-07-07,VEL,53,21500,1
2025-07-07,NOR,77,34900,1
2025-07-07,VOL,26,39900,1
2025-07-07,ARI,20,31200,1
2025-07-07,BRI,21,27800,1
2025-07-08,VEL,35,21500,1
2025-07-08,NOR,64,34900,1
2025-07-08,VOL,22,39900,1
2025-07-08,ARI,24,31200,1
2025-07-08,BRI,21,27800,1
2025-07-09,VEL,38,21500,1
2025-07-09,NOR,61,34900,1
2025-07-09,VOL,18,39900,1
2025-07-09,ARI,15,31200,1
2025-07-09,BRI,22,27800,1
2025-07-10,VEL,41,21500,1
2025-07-10,NOR,96,34900,1
2025-07-10,VOL,26,39900,1
2025-07-10,ARI,20,31200,1
2025-07-10,BRI,21,27800,1
2025-07-11,VEL,43,21500,1
2025-07-11,NOR,44,34900,1
2025-07-11,VOL,25,39900,1
2025-07-11,ARI,23,31200,1
2025-07-11,BRI,31,27800,1
2025-07-12,VEL,55,21500,1
2025-07-12,NOR,77,34900,1
2025-07-12,VOL,33,39900,1
2025-07-12,ARI,28,31200,1
2025-07-12,BRI,26,27800,1
2025-07-13,VEL,18,21500,1
2025-07-13,NOR,21,34900,1
2025-07-13,VOL,8,39900,1
2025-07-13,ARI,5,31200,1
2025-07-13,BRI,6,27800,1
2025-07-14,VEL,53,21500,1
2025-07-14,NOR,57,34900,1
2025-07-14,VOL,31,39900,1
2025-07-14,ARI,19,31200,1
2025-07-14,BRI,18,27800,1
2025-07-15,VEL,45,21500,1
2025-07-15,NOR,65,34900,1
2025-07-15,VOL,21,39900,1
2025-07-15,ARI,25,31200,1
2025-07-15,BRI,19,27800,1
2025-07-16,VEL,45,21500,1
2025-07-16,NOR,67,34900,1
2025-07-16,VOL,34,39900,1
2025-07-16,ARI,25,31200,1
2025-07-16,BRI,19,27800,1
2025-07-17,VEL,51,21500,1
2025-07-17,NOR,55,34900,1
2025-07-17,VOL,13,39900,1
2025-07-17,ARI,26,31200,1
2025-07-17,BRI,20,27800,1
2025-07-18,VEL,59,21500,1
2025-07-18,NOR,80,34900,1
2025-07-18,VOL,23,39900,1
2025-07-18,ARI,18,31200,1
2025-07-18,BRI,27,27800,1
2025-07-19,VEL,47,21500,1
2025-07-19,NOR,62,34900,1
2025-07-19,VOL,26,39900,1
2025-07-19,ARI,21,31200,1
2025-07-19,BRI,24,27800,1
2025-07-20,VEL,11,21500,1
2025-07-20,NOR,23,34900,1
2025-07-20,VOL,4,39900,1
2025-07-20,ARI,7,31200,1
2025-07-20,BRI,8,27800,1
2025-07-21,VEL,45,21500,1
2025-07-21,NOR,69,34900,1
2025-07-21,VOL,27,39900,1
2025-07-21,ARI,20,31200,1
2025-07-21,BRI,25,27800,1
2025-07-22,VEL,23,21500,1
2025-07-22,NOR,60,34900,1
2025-07-22,VOL,20,39900,1
2025-07-22,ARI,29,31200,1
2025-07-22,BRI,26,27800,1
2025-07-23,VEL,40,21500,1
2025-07-23,NOR,50,34900,1
2025-07-23,VOL,23,39900,1
2025-07-23,ARI,24,31200,1
2025-07-23,BRI,22,27800,1
2025-07-24,VEL,47,21500,1
2025-07-24,NOR,50,34900,1
2025-07-24,VOL,15,39900,1
2025-07-24,ARI,23,31200,1
2025-07-24,BRI,20,27800,1
2025-07-25,VEL,31,21500,1
2025-07-25,NOR,85,34900,1
2025-07-25,VOL,25,39900,1
2025-07-25,ARI,25,31200,1
2025-07-25,BRI,26,27800,1
2025-07-26,VEL,42,21500,1
2025-07-26,NOR,77,34900,1
2025-07-26,VOL,21,39900,1
2025-07-26,ARI,23,31200,1
2025-07-26,BRI,16,27800,1
2025-07-27,VEL,12,21500,1
2025-07-27,NOR,26,34900,1
2025-07-27,VOL,9,39900,1
2025-07-27,ARI,6,31200,1
2025-07-27,BRI,7,27800,1
2025-07-28,VEL,37,21500,1
2025-07-28,NOR,60,34900,1
2025-07-28,VOL,22,39900,1
2025-07-28,ARI,11,31200,1
2025-07-28,BRI,14,27800,1
2025-07-29,VEL,31,21500,1
2025-07-29,NOR,78,34900,1
2025-07-29,VOL,27,39900,1
2025-07-29,ARI,24,31200,1
2025-07-29,BRI,21,27800,1
2025-07-30,VEL,25,21500,1
2025-07-30,NOR,52,34900,1
2025-07-30,VOL,19,39900,1
2025-07-30,ARI,25,31200,1
2025-07-30,BRI,24,27800,1
2025-07-31,VEL,21,21500,1
2025-07-31,NOR,71,34900,1
2025-07-31,VOL,15,39900,1
2025-07-31,ARI,28,31200,1
2025-07-31,BRI,20,27800,1
2025-08-01,VEL,27,21500,0
2025-08-01,NOR,51,34900,0
2025-08-01,VOL,17,39900,0
2025-08-01,ARI,14,31200,0
2025-08-01,BRI,15,27800,0
2025-08-02,VEL,22,21500,0
2025-08-02,NOR,38,34900,0
2025-08-02,VOL,15,39900,0
2025-08-02,ARI,14,31200,0
2025-08-02,BRI,15,27800,0
2025-08-03,VEL,8,21500,0
2025-08-03,NOR,12,34900,0
2025-08-03,VOL,3,39900,0
2025-08-03,ARI,4,31200,0
2025-08-03,BRI,4,27800,0
2025-08-04,VEL,20,21500,0
2025-08-04,NOR,38,34900,0
2025-08-04,VOL,14,39900,0
2025-08-04,ARI,14,31200,0
2025-08-04,BRI,14,27800,0
2025-08-05,VEL,23,21500,0
2025-08-05,NOR,44,34900,0
2025-08-05,VOL,16,39900,0
2025-08-05,ARI,10,31200,0
2025-08-05,BRI,14,27800,0
2025-08-06,VEL,23,21500,0
2025-08-06,NOR,29,34900,0
2025-08-06,VOL,17,39900,0
2025-08-06,ARI,15,31200,0
2025-08-06,BRI,13,27800,0
2025-08-07,VEL,21,21500,0
2025-08-07,NOR,34,34900,0
2025-08-07,VOL,12,39900,0
2025-08-07,ARI,7,31200,0
2025-08-07,BRI,11,27800,0
2025-08-08,VEL,34,21500,0
2025-08-08,NOR,53,34900,0
2025-08-08,VOL,19,39900,0
2025-08-08,ARI,21,31200,0
2025-08-08,BRI,13,27800,0
2025-08-09,VEL,23,21500,0
2025-08-09,NOR,37,34900,0
2025-08-09,VOL,8,39900,0
2025-08-09,ARI,11,31200,0
2025-08-09,BRI,9,27800,0
2025-08-10,VEL,10,21500,0
2025-08-10,NOR,15,34900,0
2025-08-10,VOL,6,39900,0
2025-08-10,ARI,3,31200,0
2025-08-10,BRI,4,27800,0
2025-08-11,VEL,29,21500,0
2025-08-11,NOR,38,34900,0
2025-08-11,VOL,17,39900,0
2025-08-11,ARI,8,31200,0
2025-08-11,BRI,18,27800,0
2025-08-12,VEL,20,21500,0
2025-08-12,NOR,37,34900,0
2025-08-12,VOL,16,39900,0
2025-08-12,ARI,11,31200,0
2025-08-12,BRI,12,27800,0
2025-08-13,VEL,29,21500,0
2025-08-13,NOR,32,34900,0
2025-08-13,VOL,21,39900,0
2025-08-13,ARI,15,31200,0
2025-08-13,BRI,11,27800,0
2025-08-14,VEL,21,21500,0
2025-08-14,NOR,39,34900,0
2025-08-14,VOL,12,39900,0
2025-08-14,ARI,12,31200,0
2025-08-14,BRI,10,27800,0
2025-08-15,VEL,34,21500,0
2025-08-15,NOR,32,34900,0
2025-08-15,VOL,14,39900,0
2025-08-15,ARI,13,31200,0
2025-08-15,BRI,14,27800,0
2025-08-16,VEL,24,21500,0
2025-08-16,NOR,39,34900,0
2025-08-16,VOL,12,39900,0
2025-08-16,ARI,12,31200,0
2025-08-16,BRI,20,27800,0
2025-08-17,VEL,8,21500,0
2025-08-17,NOR,14,34900,0
2025-08-17,VOL,4,39900,0
2025-08-17,ARI,5,31200,0
2025-08-17,BRI,5,27800,0
2025-08-18,VEL,22,21500,0
2025-08-18,NOR,41,34900,0
2025-08-18,VOL,15,39900,0
2025-08-18,ARI,17,31200,0
2025-08-18,BRI,14,27800,0
2025-08-19,VEL,25,21500,0
2025-08-19,NOR,38,34900,0
2025-08-19,VOL,11,39900,0
2025-08-19,ARI,12,31200,0
2025-08-19,BRI,9,27800,0
2025-08-20,VEL,32,21500,0
2025-08-20,NOR,44,34900,0
2025-08-20,VOL,13,39900,0
2025-08-20,ARI,11,31200,0
2025-08-20,BRI,14,27800,0
2025-08-21,VEL,26,21500,0
2025-08-21,NOR,37,34900,0
2025-08-21,VOL,14,39900,0
2025-08-21,ARI,16,31200,0
2025-08-21,BRI,11,27800,0
2025-08-22,VEL,30,21500,0
2025-08-22,NOR,43,34900,0
2025-08-22,VOL,19,39900,0
2025-08-22,ARI,15,31200,0
2025-08-22,BRI,8,27800,0
2025-08-23,VEL,17,21500,0
2025-08-23,NOR,52,34900,0
2025-08-23,VOL,18,39900,0
2025-08-23,ARI,14,31200,0
2025-08-23,BRI,14,27800,0
2025-08-24,VEL,13,21500,0
2025-08-24,NOR,14,34900,0
2025-08-24,VOL,6,39900,0
2025-08-24,ARI,3,31200,0
2025-08-24,BRI,5,27800,0
2025-08-25,VEL,25,21500,0
2025-08-25,NOR,40,34900,0
2025-08-25,VOL,11,39900,0
2025-08-25,ARI,12,31200,0
2025-08-25,BRI,12,27800,0
2025-08-26,VEL,29,21500,0
2025-08-26,NOR,39,34900,0
2025-08-26,VOL,12,39900,0
2025-08-26,ARI,12,31200,0
2025-08-26,BRI,8,27800,0
2025-08-27,VEL,28,21500,0
2025-08-27,NOR,45,34900,0
2025-08-27,VOL,19,39900,0
2025-08-27,ARI,14,31200,0
2025-08-27,BRI,13,27800,0
2025-08-28,VEL,29,21500,0
2025-08-28,NOR,28,34900,0
2025-08-28,VOL,9,39900,0
2025-08-28,ARI,12,31200,0
2025-08-28,BRI,8,27800,0
2025-08-29,VEL,20,21500,0
2025-08-29,NOR,50,34900,0
2025-08-29,VOL,17,39900,0
2025-08-29,ARI,14,31200,0
2025-08-29,BRI,17,27800,0
2025-08-30,VEL,43,21500,0
2025-08-30,NOR,53,34900,0
2025-08-30,VOL,16,39900,0
2025-08-30,ARI,13,31200,0
2025-08-30,BRI,14,27800,0
2025-08-31,VEL,9,21500,0
2025-08-31,NOR,13,34900,0
2025-08-31,VOL,4,39900,0
2025-08-31,ARI,4,31200,0
2025-08-31,BRI,5,27800,0
2025-09-01,VEL,32,21500,0
2025-09-01,NOR,59,34900,0
2025-09-01,VOL,22,39900,0
2025-09-01,ARI,17,31200,0
2025-09-01,BRI,13,27800,0
2025-09-02,VEL,28,21500,0
2025-09-02,NOR,47,34900,0
2025-09-02,VOL,22,39900,0
2025-09-02,ARI,17,31200,0
2025-09-02,BRI,22,27800,0
2025-09-03,VEL,44,21500,0
2025-09-03,NOR,53,34900,0
2025-09-03,VOL,19,39900,0
2025-09-03,ARI,16,31200,0
2025-09-03,BRI,10,27800,0
2025-09-04,VEL,36,21500,0
2025-09-04,NOR,60,34900,0
2025-09-04,VOL,23,39900,0
2025-09-04,ARI,23,31200,0
2025-09-04,BRI,19,27800,0
2025-09-05,VEL,29,21500,0
2025-09-05,NOR,60,34900,0
2025-09-05,VOL,26,39900,0
2025-09-05,ARI,17,31200,0
2025-09-05,BRI,24,27800,0
2025-09-06,VEL,38,21500,0
2025-09-06,NOR,73,34900,0
2025-09-06,VOL,24,39900,0
2025-09-06,ARI,25,31200,0
2025-09-06,BRI,17,27800,0
2025-09-07,VEL,19,21500,0
2025-09-07,NOR,16,34900,0
2025-09-07,VOL,6,39900,0
2025-09-07,ARI,6,31200,0
2025-09-07,BRI,6,27800,0
2025-09-08,VEL,25,21500,0
2025-09-08,NOR,65,34900,0
2025-09-08,VOL,20,39900,0
2025-09-08,ARI,19,31200,0
2025-09-08,BRI,17,27800,0
2025-09-09,VEL,31,21500,0
2025-09-09,NOR,52,34900,0
2025-09-09,VOL,19,39900,0
2025-09-09,ARI,20,31200,0
2025-09-09,BRI,19,27800,0
2025-09-10,VEL,43,21500,0
2025-09-10,NOR,49,34900,0
2025-09-10,VOL,21,39900,0
2025-09-10,ARI,14,31200,0
2025-09-10,BRI,14,27800,0
2025-09-11,VEL,37,21500,0
2025-09-11,NOR,41,34900,0
2025-09-11,VOL,18,39900,0
2025-09-11,ARI,23,31200,0
2025-09-11,BRI,14,27800,0
2025-09-12,VEL,33,21500,0
2025-09-12,NOR,41,34900,0
2025-09-12,VOL,20,39900,0
2025-09-12,ARI,22,31200,0
2025-09-12,BRI,21,27800,0
2025-09-13,VEL,46,21500,0
2025-09-13,NOR,88,34900,0
2025-09-13,VOL,16,39900,0
2025-09-13,ARI,24,31200,0
2025-09-13,BRI,22,27800,0
2025-09-14,VEL,12,21500,0
2025-09-14,NOR,14,34900,0
2025-09-14,VOL,8,39900,0
2025-09-14,ARI,7,31200,0
2025-09-14,BRI,3,27800,0
2025-09-15,VEL,26,21500,0
2025-09-15,NOR,50,34900,0
2025-09-15,VOL,19,39900,0
2025-09-15,ARI,17,31200,0
2025-09-15,BRI,12,27800,0
2025-09-16,VEL,32,21500,0
2025-09-16,NOR,44,34900,0
2025-09-16,VOL,22,39900,0
2025-09-16,ARI,13,31200,0
2025-09-16,BRI,19,27800,0
2025-09-17,VEL,30,21500,0
2025-09-17,NOR,49,34900,0
2025-09-17,VOL,16,39900,0
2025-09-17,ARI,13,31200,0
2025-09-17,BRI,17,27800,0
2025-09-18,VEL,24,21500,0
2025-09-18,NOR,57,34900,0
2025-09-18,VOL,15,39900,0
2025-09-18,ARI,15,31200,0
2025-09-18,BRI,22,27800,0
2025-09-19,VEL,37,21500,0
2025-09-19,NOR,51,34900,0
2025-09-19,VOL,21,39900,0
2025-09-19,ARI,23,31200,0
2025-09-19,BRI,21,27800,0
2025-09-20,VEL,37,21500,0
2025-09-20,NOR,55,34900,0
2025-09-20,VOL,24,39900,0
2025-09-20,ARI,15,31200,0
2025-09-20,BRI,11,27800,0
2025-09-21,VEL,9,21500,0
2025-09-21,NOR,20,34900,0
2025-09-21,VOL,8,39900,0
2025-09-21,ARI,5,31200,0
2025-09-21,BRI,6,27800,0
2025-09-22,VEL,41,21500,0
2025-09-22,NOR,47,34900,0
2025-09-22,VOL,21,39900,0
2025-09-22,ARI,19,31200,0
2025-09-22,BRI,22,27800,0
2025-09-23,VEL,25,21500,0
2025-09-23,NOR,56,34900,0
2025-09-23,VOL,26,39900,0
2025-09-23,ARI,22,31200,0
2025-09-23,BRI,21,27800,0
2025-09-24,VEL,35,21500,0
2025-09-24,NOR,49,34900,0
2025-09-24,VOL,12,39900,0
2025-09-24,ARI,22,31200,0
2025-09-24,BRI,18,27800,0
2025-09-25,VEL,46,21500,0
2025-09-25,NOR,66,34900,0
2025-09-25,VOL,18,39900,0
2025-09-25,ARI,12,31200,0
2025-09-25,BRI,17,27800,0
2025-09-26,VEL,44,21500,0
2025-09-26,NOR,62,34900,0
2025-09-26,VOL,27,39900,0
2025-09-26,ARI,16,31200,0
2025-09-26,BRI,19,27800,0
2025-09-27,VEL,33,21500,0
2025-09-27,NOR,51,34900,0
2025-09-27,VOL,24,39900,0
2025-09-27,ARI,27,31200,0
2025-09-27,BRI,18,27800,0
2025-09-28,VEL,7,21500,0
2025-09-28,NOR,19,34900,0
2025-09-28,VOL,5,39900,0
2025-09-28,ARI,6,31200,0
2025-09-28,BRI,5,27800,0
2025-09-29,VEL,23,21500,0
2025-09-29,NOR,47,34900,0
2025-09-29,VOL,14,39900,0
2025-09-29,ARI,21,31200,0
2025-09-29,BRI,17,27800,0
2025-09-30,VEL,40,21500,0
2025-09-30,NOR,28,34900,0
2025-09-30,VOL,24,39900,0
2025-09-30,ARI,15,31200,0
2025-09-30,BRI,15,27800,0
2025-10-01,VEL,30,21500,0
2025-10-01,NOR,77,34900,0
2025-10-01,VOL,23,39900,0
2025-10-01,ARI,13,31200,0
2025-10-01,BRI,16,27800,0
2025-10-02,VEL,37,21500,0
2025-10-02,NOR,36,34900,0
2025-10-02,VOL,22,39900,0
2025-10-02,ARI,18,31200,0
2025-10-02,BRI,21,27800,0
2025-10-03,VEL,37,21500,0
2025-10-03,NOR,53,34900,0
2025-10-03,VOL,17,39900,0
2025-10-03,ARI,22,31200,0
2025-10-03,BRI,18,27800,0
2025-10-04,VEL,24,21500,0
2025-10-04,NOR,62,34900,0
2025-10-04,VOL,25,39900,0
2025-10-04,ARI,26,31200,0
2025-10-04,BRI,19,27800,0
2025-10-05,VEL,16,21500,0
2025-10-05,NOR,22,34900,0
2025-10-05,VOL,7,39900,0
2025-10-05,ARI,6,31200,0
2025-10-05,BRI,6,27800,0
2025-10-06,VEL,33,21500,0
2025-10-06,NOR,53,34900,0
2025-10-06,VOL,27,39900,0
2025-10-06,ARI,16,31200,0
2025-10-06,BRI,19,27800,0
2025-10-07,VEL,38,21500,0
2025-10-07,NOR,67,34900,0
2025-10-07,VOL,20,39900,0
2025-10-07,ARI,19,31200,0
2025-10-07,BRI,22,27800,0
2025-10-08,VEL,29,21500,0
2025-10-08,NOR,43,34900,0
2025-10-08,VOL,19,39900,0
2025-10-08,ARI,16,31200,0
2025-10-08,BRI,18,27800,0
2025-10-09,VEL,41,21500,0
2025-10-09,NOR,74,34900,0
2025-10-09,VOL,27,39900,0
2025-10-09,ARI,13,31200,0
2025-10-09,BRI,16,27800,0
2025-10-10,VEL,39,21500,0
2025-10-10,NOR,62,34900,0
2025-10-10,VOL,21,39900,0
2025-10-10,ARI,20,31200,0
2025-10-10,BRI,18,27800,0
2025-10-11,VEL,53,21500,0
2025-10-11,NOR,78,34900,0
2025-10-11,VOL,23,39900,0
2025-10-11,ARI,15,31200,0
2025-10-11,BRI,23,27800,0
2025-10-12,VEL,13,21500,0
2025-10-12,NOR,15,34900,0
2025-10-12,VOL,7,39900,0
2025-10-12,ARI,5,31200,0
2025-10-12,BRI,6,27800,0
2025-10-13,VEL,38,21500,0
2025-10-13,NOR,56,34900,0
2025-10-13,VOL,22,39900,0
2025-10-13,ARI,19,31200,0
2025-10-13,BRI,20,27800,0
2025-10-14,VEL,36,21500,0
2025-10-14,NOR,48,34900,0
2025-10-14,VOL,22,39900,0
2025-10-14,ARI,14,31200,0
2025-10-14,BRI,16,27800,0
2025-10-15,VEL,30,21500,0
2025-10-15,NOR,41,34900,0
2025-10-15,VOL,27,39900,0
2025-10-15,ARI,18,31200,0
2025-10-15,BRI,21,27800,0
2025-10-16,VEL,29,21500,0
2025-10-16,NOR,58,34900,0
2025-10-16,VOL,24,39900,0
2025-10-16,ARI,14,31200,0
2025-10-16,BRI,19,27800,0
2025-10-17,VEL,30,21500,0
2025-10-17,NOR,69,34900,0
2025-10-17,VOL,22,39900,0
2025-10-17,ARI,20,31200,0
2025-10-17,BRI,19,27800,0
2025-10-18,VEL,41,21500,0
2025-10-18,NOR,59,34900,0
2025-10-18,VOL,26,39900,0
2025-10-18,ARI,24,31200,0
2025-10-18,BRI,23,27800,0
2025-10-19,VEL,10,21500,0
2025-10-19,NOR,19,34900,0
2025-10-19,VOL,7,39900,0
2025-10-19,ARI,7,31200,0
2025-10-19,BRI,5,27800,0
2025-10-20,VEL,50,21500,0
2025-10-20,NOR,62,34900,0
2025-10-20,VOL,29,39900,0
2025-10-20,ARI,16,31200,0
2025-10-20,BRI,15,27800,0
2025-10-21,VEL,37,21500,0
2025-10-21,NOR,51,34900,0
2025-10-21,VOL,15,39900,0
2025-10-21,ARI,17,31200,0
2025-10-21,BRI,14,27800,0
2025-10-22,VEL,25,21500,0
2025-10-22,NOR,63,34900,0
2025-10-22,VOL,23,39900,0
2025-10-22,ARI,23,31200,0
2025-10-22,BRI,12,27800,0
2025-10-23,VEL,38,21500,0
2025-10-23,NOR,43,34900,0
2025-10-23,VOL,22,39900,0
2025-10-23,ARI,20,31200,0
2025-10-23,BRI,24,27800,0
2025-10-24,VEL,44,21500,0
2025-10-24,NOR,75,34900,0
2025-10-24,VOL,19,39900,0
2025-10-24,ARI,19,31200,0
2025-10-24,BRI,27,27800,0
2025-10-25,VEL,43,21500,0
2025-10-25,NOR,64,34900,0
2025-10-25,VOL,27,39900,0
2025-10-25,ARI,16,31200,0
2025-10-25,BRI,21,27800,0
2025-10-26,VEL,13,21500,0
2025-10-26,NOR,11,34900,0
2025-10-26,VOL,9,39900,0
2025-10-26,ARI,7,31200,0
2025-10-26,BRI,6,27800,0
2025-10-27,VEL,51,21500,0
2025-10-27,NOR,62,34900,0
2025-10-27,VOL,27,39900,0
2025-10-27,ARI,19,31200,0
2025-10-27,BRI,16,27800,0
2025-10-28,VEL,37,21500,0
2025-10-28,NOR,40,34900,0
2025-10-28,VOL,19,39900,0
2025-10-28,ARI,22,31200,0
2025-10-28,BRI,23,27800,0
2025-10-29,VEL,52,21500,0
2025-10-29,NOR,48,34900,0
2025-10-29,VOL,19,39900,0
2025-10-29,ARI,20,31200,0
2025-10-29,BRI,16,27800,0
2025-10-30,VEL,31,21500,0
2025-10-30,NOR,40,34900,0
2025-10-30,VOL,18,39900,0
2025-10-30,ARI,15,31200,0
2025-10-30,BRI,22,27800,0
2025-10-31,VEL,53,21500,0
2025-10-31,NOR,57,34900,0
2025-10-31,VOL,17,39900,0
2025-10-31,ARI,20,31200,0
2025-10-31,BRI,17,27800,0
2025-11-01,VEL,41,21500,0
2025-11-01,NOR,53,34900,0
2025-11-01,VOL,24,39900,0
2025-11-01,ARI,16,31200,0
2025-11-01,BRI,24,27800,0
2025-11-02,VEL,10,21500,0
2025-11-02,NOR,19,34900,0
2025-11-02,VOL,5,39900,0
2025-11-02,ARI,7,31200,0
2025-11-02,BRI,7,27800,0
2025-11-03,VEL,34,21500,0
2025-11-03,NOR,61,34900,0
2025-11-03,VOL,23,39900,0
2025-11-03,ARI,16,31200,0
2025-11-03,BRI,17,27800,0
2025-11-04,VEL,26,21500,0
2025-11-04,NOR,48,34900,0
2025-11-04,VOL,15,39900,0
2025-11-04,ARI,16,31200,0
2025-11-04,BRI,19,27800,0
2025-11-05,VEL,42,21500,0
2025-11-05,NOR,69,34900,0
2025-11-05,VOL,31,39900,0
2025-11-05,ARI,16,31200,0
2025-11-05,BRI,17,27800,0
2025-11-06,VEL,37,21500,0
2025-11-06,NOR,45,34900,0
2025-11-06,VOL,19,39900,0
2025-11-06,ARI,20,31200,0
2025-11-06,BRI,10,27800,0
2025-11-07,VEL,59,21500,0
2025-11-07,NOR,89,34900,0
2025-11-07,VOL,26,39900,0
2025-11-07,ARI,12,31200,0
2025-11-07,BRI,16,27800,0
2025-11-08,VEL,40,21500,0
2025-11-08,NOR,46,34900,0
2025-11-08,VOL,23,39900,0
2025-11-08,ARI,24,31200,0
2025-11-08,BRI,13,27800,0
2025-11-09,VEL,15,21500,0
2025-11-09,NOR,21,34900,0
2025-11-09,VOL,6,39900,0
2025-11-09,ARI,8,31200,0
2025-11-09,BRI,4,27800,0
2025-11-10,VEL,54,21500,0
2025-11-10,NOR,33,34900,0
2025-11-10,VOL,18,39900,0
2025-11-10,ARI,19,31200,0
2025-11-10,BRI,17,27800,0
2025-11-11,VEL,39,21500,0
2025-11-11,NOR,62,34900,0
2025-11-11,VOL,10,39900,0
2025-11-11,ARI,18,31200,0
2025-11-11,BRI,19,27800,0
2025-11-12,VEL,31,21500,0
2025-11-12,NOR,47,34900,0
2025-11-12,VOL,23,39900,0
2025-11-12,ARI,15,31200,0
2025-11-12,BRI,20,27800,0
2025-11-13,VEL,35,21500,0
2025-11-13,NOR,49,34900,0
2025-11-13,VOL,23,39900,0
2025-11-13,ARI,13,31200,0
2025-11-13,BRI,14,27800,0
2025-11-14,VEL,38,21500,0
2025-11-14,NOR,49,34900,0
2025-11-14,VOL,15,39900,0
2025-11-14,ARI,14,31200,0
2025-11-14,BRI,17,27800,0
2025-11-15,VEL,47,21500,0
2025-11-15,NOR,63,34900,0
2025-11-15,VOL,25,39900,0
2025-11-15,ARI,21,31200,0
2025-11-15,BRI,14,27800,0
2025-11-16,VEL,13,21500,0
2025-11-16,NOR,27,34900,0
2025-11-16,VOL,10,39900,0
2025-11-16,ARI,5,31200,0
2025-11-16,BRI,5,27800,0
2025-11-17,VEL,35,21500,0
2025-11-17,NOR,63,34900,0
2025-11-17,VOL,23,39900,0
2025-11-17,ARI,19,31200,0
2025-11-17,BRI,10,27800,0
2025-11-18,VEL,34,21500,0
2025-11-18,NOR,63,34900,0
2025-11-18,VOL,21,39900,0
2025-11-18,ARI,25,31200,0
2025-11-18,BRI,21,27800,0
2025-11-19,VEL,34,21500,0
2025-11-19,NOR,58,34900,0
2025-11-19,VOL,25,39900,0
2025-11-19,ARI,17,31200,0
2025-11-19,BRI,23,27800,0
2025-11-20,VEL,31,21500,0
2025-11-20,NOR,60,34900,0
2025-11-20,VOL,21,39900,0
2025-11-20,ARI,19,31200,0
2025-11-20,BRI,19,27800,0
2025-11-21,VEL,45,21500,0
2025-11-21,NOR,44,34900,0
2025-11-21,VOL,23,39900,0
2025-11-21,ARI,24,31200,0
2025-11-21,BRI,25,27800,0
2025-11-22,VEL,49,21500,0
2025-11-22,NOR,92,34900,0
2025-11-22,VOL,28,39900,0
2025-11-22,ARI,18,31200,0
2025-11-22,BRI,23,27800,0
2025-11-23,VEL,8,21500,0
2025-11-23,NOR,12,34900,0
2025-11-23,VOL,7,39900,0
2025-11-23,ARI,8,31200,0
2025-11-23,BRI,5,27800,0
2025-11-24,VEL,45,21500,0
2025-11-24,NOR,57,34900,0
2025-11-24,VOL,18,39900,0
2025-11-24,ARI,18,31200,0
2025-11-24,BRI,18,27800,0
2025-11-25,VEL,41,21500,0
2025-11-25,NOR,54,34900,0
2025-11-25,VOL,17,39900,0
2025-11-25,ARI,21,31200,0
2025-11-25,BRI,21,27800,0
2025-11-26,VEL,39,21500,0
2025-11-26,NOR,49,34900,0
2025-11-26,VOL,23,39900,0
2025-11-26,ARI,19,31200,0
2025-11-26,BRI,24,27800,0
2025-11-27,VEL,34,21500,0
2025-11-27,NOR,67,34900,0
2025-11-27,VOL,20,39900,0
2025-11-27,ARI,12,31200,0
2025-11-27,BRI,19,27800,0
2025-11-28,VEL,40,21500,0
2025-11-28,NOR,80,34900,0
2025-11-28,VOL,17,39900,0
2025-11-28,ARI,28,31200,0
2025-11-28,BRI,19,27800,0
2025-11-29,VEL,41,21500,0
2025-11-29,NOR,70,34900,0
2025-11-29,VOL,16,39900,0
2025-11-29,ARI,25,31200,0
2025-11-29,BRI,18,27800,0
2025-11-30,VEL,13,21500,0
2025-11-30,NOR,19,34900,0
2025-11-30,VOL,8,39900,0
2025-11-30,ARI,8,31200,0
2025-11-30,BRI,4,27800,0
2025-12-01,VEL,37,21500,0
2025-12-01,NOR,82,34900,0
2025-12-01,VOL,27,39900,0
2025-12-01,ARI,23,31200,0
2025-12-01,BRI,21,27800,0
2025-12-02,VEL,39,21500,0
2025-12-02,NOR,57,34900,0
2025-12-02,VOL,22,39900,0
2025-12-02,ARI,18,31200,0
2025-12-02,BRI,16,27800,0
2025-12-03,VEL,41,21500,0
2025-12-03,NOR,75,34900,0
2025-12-03,VOL,21,39900,0
2025-12-03,ARI,23,31200,0
2025-12-03,BRI,20,27800,0
2025-12-04,VEL,33,21500,0
2025-12-04,NOR,55,34900,0
2025-12-04,VOL,23,39900,0
2025-12-04,ARI,16,31200,0
2025-12-04,BRI,16,27800,0
2025-12-05,VEL,22,21500,0
2025-12-05,NOR,82,34900,0
2025-12-05,VOL,28,39900,0
2025-12-05,ARI,22,31200,0
2025-12-05,BRI,29,27800,0
2025-12-06,VEL,55,21500,0
2025-12-06,NOR,78,34900,0
2025-12-06,VOL,20,39900,0
2025-12-06,ARI,25,31200,0
2025-12-06,BRI,19,27800,0
2025-12-07,VEL,15,21500,0
2025-12-07,NOR,17,34900,0
2025-12-07,VOL,9,39900,0
2025-12-07,ARI,6,31200,0
2025-12-07,BRI,7,27800,0
2025-12-08,VEL,44,21500,0
2025-12-08,NOR,65,34900,0
2025-12-08,VOL,18,39900,0
2025-12-08,ARI,19,31200,0
2025-12-08,BRI,22,27800,0
2025-12-09,VEL,30,21500,0
2025-12-09,NOR,81,34900,0
2025-12-09,VOL,17,39900,0
2025-12-09,ARI,20,31200,0
2025-12-09,BRI,19,27800,0
2025-12-10,VEL,50,21500,0
2025-12-10,NOR,67,34900,0
2025-12-10,VOL,21,39900,0
2025-12-10,ARI,17,31200,0
2025-12-10,BRI,23,27800,0
2025-12-11,VEL,46,21500,0
2025-12-11,NOR,82,34900,0
2025-12-11,VOL,21,39900,0
2025-12-11,ARI,14,31200,0
2025-12-11,BRI,26,27800,0
2025-12-12,VEL,34,21500,0
2025-12-12,NOR,70,34900,0
2025-12-12,VOL,25,39900,0
2025-12-12,ARI,24,31200,0
2025-12-12,BRI,24,27800,0
2025-12-13,VEL,43,21500,0
2025-12-13,NOR,87,34900,0
2025-12-13,VOL,23,39900,0
2025-12-13,ARI,28,31200,0
2025-12-13,BRI,25,27800,0
2025-12-14,VEL,12,21500,0
2025-12-14,NOR,20,34900,0
2025-12-14,VOL,6,39900,0
2025-12-14,ARI,6,31200,0
2025-12-14,BRI,6,27800,0
2025-12-15,VEL,28,21500,0
2025-12-15,NOR,72,34900,0
2025-12-15,VOL,20,39900,0
2025-12-15,ARI,22,31200,0
2025-12-15,BRI,24,27800,0
2025-12-16,VEL,42,21500,0
2025-12-16,NOR,60,34900,0
2025-12-16,VOL,16,39900,0
2025-12-16,ARI,25,31200,0
2025-12-16,BRI,19,27800,0
2025-12-17,VEL,31,21500,0
2025-12-17,NOR,57,34900,0
2025-12-17,VOL,25,39900,0
2025-12-17,ARI,18,31200,0
2025-12-17,BRI,23,27800,0
2025-12-18,VEL,49,21500,0
2025-12-18,NOR,67,34900,0
2025-12-18,VOL,25,39900,0
2025-12-18,ARI,19,31200,0
2025-12-18,BRI,21,27800,0
2025-12-19,VEL,28,21500,0
2025-12-19,NOR,70,34900,0
2025-12-19,VOL,26,39900,0
2025-12-19,ARI,30,31200,0
2025-12-19,BRI,21,27800,0
2025-12-20,VEL,45,21500,0
2025-12-20,NOR,82,34900,0
2025-12-20,VOL,24,39900,0
2025-12-20,ARI,30,31200,0
2025-12-20,BRI,25,27800,0
2025-12-21,VEL,13,21500,0
2025-12-21,NOR,23,34900,0
2025-12-21,VOL,11,39900,0
2025-12-21,ARI,5,31200,0
2025-12-21,BRI,6,27800,0
2025-12-22,VEL,43,21500,0
2025-12-22,NOR,81,34900,0
2025-12-22,VOL,25,39900,0
2025-12-22,ARI,24,31200,0
2025-12-22,BRI,17,27800,0
2025-12-23,VEL,49,21500,0
2025-12-23,NOR,50,34900,0
2025-12-23,VOL,33,39900,0
2025-12-23,ARI,13,31200,0
2025-12-23,BRI,22,27800,0
2025-12-24,VEL,30,21500,0
2025-12-24,NOR,69,34900,0
2025-12-24,VOL,26,39900,0
2025-12-24,ARI,20,31200,0
2025-12-24,BRI,18,27800,0
2025-12-25,VEL,45,21500,0
2025-12-25,NOR,99,34900,0
2025-12-25,VOL,27,39900,0
2025-12-25,ARI,21,31200,0
2025-12-25,BRI,18,27800,0
2025-12-26,VEL,25,21500,0
2025-12-26,NOR,74,34900,0
2025-12-26,VOL,19,39900,0
2025-12-26,ARI,26,31200,0
2025-12-26,BRI,29,27800,0
2025-12-27,VEL,35,21500,0
2025-12-27,NOR,59,34900,0
2025-12-27,VOL,35,39900,0
2025-12-27,ARI,21,31200,0
2025-12-27,BRI,21,27800,0
2025-12-28,VEL,14,21500,0
2025-12-28,NOR,18,34900,0
2025-12-28,VOL,8,39900,0
2025-12-28,ARI,5,31200,0
2025-12-28,BRI,8,27800,0
2025-12-29,VEL,52,21500,0
2025-12-29,NOR,60,34900,0
2025-12-29,VOL,21,39900,0
2025-12-29,ARI,17,31200,0
2025-12-29,BRI,21,27800,0
2025-12-30,VEL,44,21500,0
2025-12-30,NOR,65,34900,0
2025-12-30,VOL,19,39900,0
2025-12-30,ARI,19,31200,0
2025-12-30,BRI,22,27800,0
2025-12-31,VEL,37,21500,0
2025-12-31,NOR,68,34900,0
2025-12-31,VOL,30,39900,0
2025-12-31,ARI,16,31200,0
2025-12-31,BRI,17,27800,0
2026-01-01,VEL,33,21500,0
2026-01-01,NOR,65,34900,0
2026-01-01,VOL,18,39900,0
2026-01-01,ARI,14,31200,0
2026-01-01,BRI,18,27800,0
2026-01-02,VEL,33,21500,0
2026-01-02,NOR,54,34900,0
2026-01-02,VOL,16,39900,0
2026-01-02,ARI,19,31200,0
2026-01-02,BRI,18,27800,0
2026-01-03,VEL,38,21500,0
2026-01-03,NOR,44,34900,0
2026-01-03,VOL,21,39900,0
2026-01-03,ARI,15,31200,0
2026-01-03,BRI,16,27800,0
2026-01-04,VEL,9,21500,0
2026-01-04,NOR,21,34900,0
2026-01-04,VOL,7,39900,0
2026-01-04,ARI,7,31200,0
2026-01-04,BRI,4,27800,0
2026-01-05,VEL,38,21500,0
2026-01-05,NOR,55,34900,0
2026-01-05,VOL,18,39900,0
2026-01-05,ARI,16,31200,0
2026-01-05,BRI,19,27800,0
2026-01-06,VEL,33,21500,0
2026-01-06,NOR,64,34900,0
2026-01-06,VOL,22,39900,0
2026-01-06,ARI,15,31200,0
2026-01-06,BRI,14,27800,0
2026-01-07,VEL,37,21500,0
2026-01-07,NOR,50,34900,0
2026-01-07,VOL,20,39900,0
2026-01-07,ARI,17,31200,0
2026-01-07,BRI,15,27800,0
2026-01-08,VEL,37,21500,0
2026-01-08,NOR,42,34900,0
2026-01-08,VOL,16,39900,0
2026-01-08,ARI,19,31200,0
2026-01-08,BRI,19,27800,0
2026-01-09,VEL,49,21500,0
2026-01-09,NOR,61,34900,0
2026-01-09,VOL,18,39900,0
2026-01-09,ARI,17,31200,0
2026-01-09,BRI,12,27800,0
2026-01-10,VEL,41,21500,0
2026-01-10,NOR,54,34900,0
2026-01-10,VOL,18,39900,0
2026-01-10,ARI,16,31200,0
2026-01-10,BRI,19,27800,0
2026-01-11,VEL,12,21500,0
2026-01-11,NOR,21,34900,0
2026-01-11,VOL,6,39900,0
2026-01-11,ARI,4,31200,0
2026-01-11,BRI,4,27800,0
2026-01-12,VEL,39,21500,0
2026-01-12,NOR,46,34900,0
2026-01-12,VOL,24,39900,0
2026-01-12,ARI,17,31200,0
2026-01-12,BRI,15,27800,0
2026-01-13,VEL,47,21500,0
2026-01-13,NOR,61,34900,0
2026-01-13,VOL,20,39900,0
2026-01-13,ARI,15,31200,0
2026-01-13,BRI,18,27800,0
2026-01-14,VEL,47,21500,0
2026-01-14,NOR,43,34900,0
2026-01-14,VOL,19,39900,0
2026-01-14,ARI,16,31200,0
2026-01-14,BRI,20,27800,0
2026-01-15,VEL,42,21500,0
2026-01-15,NOR,60,34900,0
2026-01-15,VOL,19,39900,0
2026-01-15,ARI,16,31200,0
2026-01-15,BRI,18,27800,0
2026-01-16,VEL,35,21500,0
2026-01-16,NOR,46,34900,0
2026-01-16,VOL,19,39900,0
2026-01-16,ARI,20,31200,0
2026-01-16,BRI,27,27800,0
2026-01-17,VEL,27,21500,0
2026-01-17,NOR,61,34900,0
2026-01-17,VOL,21,39900,0
2026-01-17,ARI,16,31200,0
2026-01-17,BRI,18,27800,0
2026-01-18,VEL,6,21500,0
2026-01-18,NOR,24,34900,0
2026-01-18,VOL,3,39900,0
2026-01-18,ARI,6,31200,0
2026-01-18,BRI,4,27800,0
2026-01-19,VEL,39,21500,0
2026-01-19,NOR,44,34900,0
2026-01-19,VOL,12,39900,0
2026-01-19,ARI,16,31200,0
2026-01-19,BRI,15,27800,0
2026-01-20,VEL,27,21500,0
2026-01-20,NOR,20,34900,0
2026-01-20,VOL,21,39900,0
2026-01-20,ARI,17,31200,0
2026-01-20,BRI,16,27800,0
2026-01-21,VEL,39,21500,0
2026-01-21,NOR,69,34900,0
2026-01-21,VOL,18,39900,0
2026-01-21,ARI,13,31200,0
2026-01-21,BRI,14,27800,0
2026-01-22,VEL,38,21500,0
2026-01-22,NOR,55,34900,0
2026-01-22,VOL,20,39900,0
2026-01-22,ARI,15,31200,0
2026-01-22,BRI,14,27800,0
2026-01-23,VEL,31,21500,0
2026-01-23,NOR,61,34900,0
2026-01-23,VOL,18,39900,0
2026-01-23,ARI,12,31200,0
2026-01-23,BRI,14,27800,0
2026-01-24,VEL,30,21500,0
2026-01-24,NOR,45,34900,0
2026-01-24,VOL,26,39900,0
2026-01-24,ARI,20,31200,0
2026-01-24,BRI,22,27800,0
2026-01-25,VEL,8,21500,0
2026-01-25,NOR,14,34900,0
2026-01-25,VOL,5,39900,0
2026-01-25,ARI,6,31200,0
2026-01-25,BRI,6,27800,0
2026-01-26,VEL,26,21500,0
2026-01-26,NOR,57,34900,0
2026-01-26,VOL,16,39900,0
2026-01-26,ARI,16,31200,0
2026-01-26,BRI,16,27800,0
2026-01-27,VEL,27,21500,0
2026-01-27,NOR,44,34900,0
2026-01-27,VOL,21,39900,0
2026-01-27,ARI,18,31200,0
2026-01-27,BRI,17,27800,0
2026-01-28,VEL,27,21500,0
2026-01-28,NOR,37,34900,0
2026-01-28,VOL,21,39900,0
2026-01-28,ARI,13,31200,0
2026-01-28,BRI,13,27800,0
2026-01-29,VEL,35,21500,0
2026-01-29,NOR,61,34900,0
2026-01-29,VOL,16,39900,0
2026-01-29,ARI,17,31200,0
2026-01-29,BRI,17,27800,0
2026-01-30,VEL,38,21500,0
2026-01-30,NOR,65,34900,0
2026-01-30,VOL,22,39900,0
2026-01-30,ARI,19,31200,0
2026-01-30,BRI,13,27800,0
2026-01-31,VEL,32,21500,0
2026-01-31,NOR,45,34900,0
2026-01-31,VOL,17,39900,0
2026-01-31,ARI,8,31200,0
2026-01-31,BRI,17,27800,0
2026-02-01,VEL,12,21500,0
2026-02-01,NOR,17,34900,0
2026-02-01,VOL,8,39900,0
2026-02-01,ARI,4,31200,0
2026-02-01,BRI,5,27800,0
2026-02-02,VEL,35,21500,0
2026-02-02,NOR,50,34900,0
2026-02-02,VOL,20,39900,0
2026-02-02,ARI,16,31200,0
2026-02-02,BRI,14,27800,0
2026-02-03,VEL,36,21500,0
2026-02-03,NOR,53,34900,0
2026-02-03,VOL,22,39900,0
2026-02-03,ARI,14,31200,0
2026-02-03,BRI,13,27800,0
2026-02-04,VEL,29,21500,0
2026-02-04,NOR,45,34900,0
2026-02-04,VOL,27,39900,0
2026-02-04,ARI,11,31200,0
2026-02-04,BRI,21,27800,0
2026-02-05,VEL,32,21500,0
2026-02-05,NOR,55,34900,0
2026-02-05,VOL,21,39900,0
2026-02-05,ARI,17,31200,0
2026-02-05,BRI,14,27800,0
2026-02-06,VEL,39,21500,0
2026-02-06,NOR,64,34900,0
2026-02-06,VOL,27,39900,0
2026-02-06,ARI,16,31200,0
2026-02-06,BRI,18,27800,0
2026-02-07,VEL,48,21500,0
2026-02-07,NOR,47,34900,0
2026-02-07,VOL,17,39900,0
2026-02-07,ARI,17,31200,0
2026-02-07,BRI,22,27800,0
2026-02-08,VEL,7,21500,0
2026-02-08,NOR,17,34900,0
2026-02-08,VOL,5,39900,0
2026-02-08,ARI,5,31200,0
2026-02-08,BRI,8,27800,0
2026-02-09,VEL,30,21500,0
2026-02-09,NOR,50,34900,0
2026-02-09,VOL,19,39900,0
2026-02-09,ARI,13,31200,0
2026-02-09,BRI,17,27800,0
2026-02-10,VEL,40,21500,0
2026-02-10,NOR,53,34900,0
2026-02-10,VOL,19,39900,0
2026-02-10,ARI,17,31200,0
2026-02-10,BRI,17,27800,0
2026-02-11,VEL,36,21500,0
2026-02-11,NOR,60,34900,0
2026-02-11,VOL,21,39900,0
2026-02-11,ARI,16,31200,0
2026-02-11,BRI,14,27800,0
2026-02-12,VEL,29,21500,0
2026-02-12,NOR,59,34900,0
2026-02-12,VOL,17,39900,0
2026-02-12,ARI,20,31200,0
2026-02-12,BRI,14,27800,0
2026-02-13,VEL,36,21500,0
2026-02-13,NOR,75,34900,0
2026-02-13,VOL,11,39900,0
2026-02-13,ARI,16,31200,0
2026-02-13,BRI,16,27800,0
2026-02-14,VEL,22,21500,0
2026-02-14,NOR,52,34900,0
2026-02-14,VOL,22,39900,0
2026-02-14,ARI,22,31200,0
2026-02-14,BRI,24,27800,0
2026-02-15,VEL,10,21500,0
2026-02-15,NOR,17,34900,0
2026-02-15,VOL,8,39900,0
2026-02-15,ARI,6,31200,0
2026-02-15,BRI,6,27800,0
2026-02-16,VEL,30,21500,0
2026-02-16,NOR,51,34900,0
2026-02-16,VOL,18,39900,0
2026-02-16,ARI,13,31200,0
2026-02-16,BRI,14,27800,0
2026-02-17,VEL,35,21500,0
2026-02-17,NOR,49,34900,0
2026-02-17,VOL,12,39900,0
2026-02-17,ARI,13,31200,0
2026-02-17,BRI,21,27800,0
2026-02-18,VEL,23,21500,0
2026-02-18,NOR,58,34900,0
2026-02-18,VOL,25,39900,0
2026-02-18,ARI,21,31200,0
2026-02-18,BRI,12,27800,0
2026-02-19,VEL,30,21500,0
2026-02-19,NOR,34,34900,0
2026-02-19,VOL,22,39900,0
2026-02-19,ARI,16,31200,0
2026-02-19,BRI,17,27800,0
2026-02-20,VEL,33,21500,0
2026-02-20,NOR,61,34900,0
2026-02-20,VOL,23,39900,0
2026-02-20,ARI,23,31200,0
2026-02-20,BRI,18,27800,0
2026-02-21,VEL,55,21500,0
2026-02-21,NOR,68,34900,0
2026-02-21,VOL,17,39900,0
2026-02-21,ARI,23,31200,0
2026-02-21,BRI,11,27800,0
2026-02-22,VEL,8,21500,0
2026-02-22,NOR,17,34900,0
2026-02-22,VOL,7,39900,0
2026-02-22,ARI,6,31200,0
2026-02-22,BRI,4,27800,0
2026-02-23,VEL,36,21500,0
2026-02-23,NOR,76,34900,0
2026-02-23,VOL,26,39900,0
2026-02-23,ARI,13,31200,0
2026-02-23,BRI,24,27800,0
2026-02-24,VEL,36,21500,0
2026-02-24,NOR,65,34900,0
2026-02-24,VOL,19,39900,0
2026-02-24,ARI,20,31200,0
2026-02-24,BRI,18,27800,0
2026-02-25,VEL,33,21500,0
2026-02-25,NOR,57,34900,0
2026-02-25,VOL,27,39900,0
2026-02-25,ARI,19,31200,0
2026-02-25,BRI,12,27800,0
2026-02-26,VEL,41,21500,0
2026-02-26,NOR,55,34900,0
2026-02-26,VOL,27,39900,0
2026-02-26,ARI,18,31200,0
2026-02-26,BRI,19,27800,0
2026-02-27,VEL,40,21500,0
2026-02-27,NOR,55,34900,0
2026-02-27,VOL,25,39900,0
2026-02-27,ARI,17,31200,0
2026-02-27,BRI,18,27800,0
2026-02-28,VEL,33,21500,0
2026-02-28,NOR,71,34900,0
2026-02-28,VOL,20,39900,0
2026-02-28,ARI,15,31200,0
2026-02-28,BRI,19,27800,0
2026-03-01,VEL,14,21500,0
2026-03-01,NOR,24,34900,0
2026-03-01,VOL,11,39900,0
2026-03-01,ARI,6,31200,0
2026-03-01,BRI,8,27800,0
2026-03-02,VEL,49,21500,0
2026-03-02,NOR,87,34900,0
2026-03-02,VOL,28,39900,0
2026-03-02,ARI,26,31200,0
2026-03-02,BRI,32,27800,0
2026-03-03,VEL,43,21500,0
2026-03-03,NOR,75,34900,0
2026-03-03,VOL,27,39900,0
2026-03-03,ARI,22,31200,0
2026-03-03,BRI,17,27800,0
2026-03-04,VEL,46,21500,0
2026-03-04,NOR,60,34900,0
2026-03-04,VOL,26,39900,0
2026-03-04,ARI,12,31200,0
2026-03-04,BRI,23,27800,0
2026-03-05,VEL,53,21500,0
2026-03-05,NOR,72,34900,0
2026-03-05,VOL,15,39900,0
2026-03-05,ARI,15,31200,0
2026-03-05,BRI,26,27800,0
2026-03-06,VEL,50,21500,0
2026-03-06,NOR,47,34900,0
2026-03-06,VOL,22,39900,0
2026-03-06,ARI,16,31200,0
2026-03-06,BRI,28,27800,0
2026-03-07,VEL,35,21500,0
2026-03-07,NOR,75,34900,0
2026-03-07,VOL,22,39900,0
2026-03-07,ARI,23,31200,0
2026-03-07,BRI,18,27800,0
2026-03-08,VEL,12,21500,0
2026-03-08,NOR,25,34900,0
2026-03-08,VOL,10,39900,0
2026-03-08,ARI,6,31200,0
2026-03-08,BRI,6,27800,0
2026-03-09,VEL,36,21500,0
2026-03-09,NOR,51,34900,0
2026-03-09,VOL,28,39900,0
2026-03-09,ARI,23,31200,0
2026-03-09,BRI,29,27800,0
2026-03-10,VEL,48,21500,0
2026-03-10,NOR,71,34900,0
2026-03-10,VOL,33,39900,0
2026-03-10,ARI,21,31200,0
2026-03-10,BRI,17,27800,0
2026-03-11,VEL,25,21500,0
2026-03-11,NOR,50,34900,0
2026-03-11,VOL,22,39900,0
2026-03-11,ARI,17,31200,0
2026-03-11,BRI,27,27800,0
2026-03-12,VEL,34,21500,0
2026-03-12,NOR,77,34900,0
2026-03-12,VOL,23,39900,0
2026-03-12,ARI,18,31200,0
2026-03-12,BRI,26,27800,0
2026-03-13,VEL,46,21500,0
2026-03-13,NOR,69,34900,0
2026-03-13,VOL,36,39900,0
2026-03-13,ARI,21,31200,0
2026-03-13,BRI,25,27800,0
2026-03-14,VEL,46,21500,0
2026-03-14,NOR,66,34900,0
2026-03-14,VOL,31,39900,0
2026-03-14,ARI,27,31200,0
2026-03-14,BRI,31,27800,0
2026-03-15,VEL,19,21500,0
2026-03-15,NOR,26,34900,0
2026-03-15,VOL,7,39900,0
2026-03-15,ARI,8,31200,0
2026-03-15,BRI,6,27800,0
2026-03-16,VEL,27,21500,0
2026-03-16,NOR,94,34900,0
2026-03-16,VOL,32,39900,0
2026-03-16,ARI,17,31200,0
2026-03-16,BRI,19,27800,0
2026-03-17,VEL,55,21500,0
2026-03-17,NOR,63,34900,0
2026-03-17,VOL,33,39900,0
2026-03-17,ARI,23,31200,0
2026-03-17,BRI,21,27800,0
2026-03-18,VEL,33,21500,0
2026-03-18,NOR,39,34900,0
2026-03-18,VOL,22,39900,0
2026-03-18,ARI,28,31200,0
2026-03-18,BRI,16,27800,0
2026-03-19,VEL,26,21500,0
2026-03-19,NOR,59,34900,0
2026-03-19,VOL,26,39900,0
2026-03-19,ARI,18,31200,0
2026-03-19,BRI,22,27800,0
2026-03-20,VEL,50,21500,0
2026-03-20,NOR,76,34900,0
2026-03-20,VOL,30,39900,0
2026-03-20,ARI,20,31200,0
2026-03-20,BRI,16,27800,0
2026-03-21,VEL,41,21500,0
2026-03-21,NOR,92,34900,0
2026-03-21,VOL,16,39900,0
2026-03-21,ARI,15,31200,0
2026-03-21,BRI,29,27800,0
2026-03-22,VEL,14,21500,0
2026-03-22,NOR,20,34900,0
2026-03-22,VOL,8,39900,0
2026-03-22,ARI,8,31200,0
2026-03-22,BRI,4,27800,0
2026-03-23,VEL,57,21500,0
2026-03-23,NOR,79,34900,0
2026-03-23,VOL,33,39900,0
2026-03-23,ARI,17,31200,0
2026-03-23,BRI,24,27800,0
2026-03-24,VEL,44,21500,0
2026-03-24,NOR,81,34900,0
2026-03-24,VOL,27,39900,0
2026-03-24,ARI,11,31200,0
2026-03-24,BRI,21,27800,0
2026-03-25,VEL,43,21500,0
2026-03-25,NOR,48,34900,0
2026-03-25,VOL,23,39900,0
2026-03-25,ARI,20,31200,0
2026-03-25,BRI,25,27800,0
2026-03-26,VEL,24,21500,0
2026-03-26,NOR,77,34900,0
2026-03-26,VOL,25,39900,0
2026-03-26,ARI,21,31200,0
2026-03-26,BRI,24,27800,0
2026-03-27,VEL,44,21500,0
2026-03-27,NOR,75,34900,0
2026-03-27,VOL,21,39900,0
2026-03-27,ARI,23,31200,0
2026-03-27,BRI,24,27800,0
2026-03-28,VEL,65,21500,0
2026-03-28,NOR,80,34900,0
2026-03-28,VOL,28,39900,0
2026-03-28,ARI,27,31200,0
2026-03-28,BRI,20,27800,0
2026-03-29,VEL,13,21500,0
2026-03-29,NOR,20,34900,0
2026-03-29,VOL,7,39900,0
2026-03-29,ARI,9,31200,0
2026-03-29,BRI,7,27800,0
2026-03-30,VEL,39,21500,0
2026-03-30,NOR,81,34900,0
2026-03-30,VOL,24,39900,0
2026-03-30,ARI,29,31200,0
2026-03-30,BRI,22,27800,0
2026-03-31,VEL,46,21500,0
2026-03-31,NOR,67,34900,0
2026-03-31,VOL,22,39900,0
2026-03-31,ARI,20,31200,0
2026-03-31,BRI,17,27800,0
2026-04-01,VEL,28,21500,0
2026-04-01,NOR,63,34900,0
2026-04-01,VOL,24,39900,0
2026-04-01,ARI,14,31200,0
2026-04-01,BRI,21,27800,0
2026-04-02,VEL,32,21500,0
2026-04-02,NOR,73,34900,0
2026-04-02,VOL,18,39900,0
2026-04-02,ARI,17,31200,0
2026-04-02,BRI,17,27800,0
2026-04-03,VEL,38,21500,0
2026-04-03,NOR,82,34900,0
2026-04-03,VOL,26,39900,0
2026-04-03,ARI,18,31200,0
2026-04-03,BRI,20,27800,0
2026-04-04,VEL,38,21500,0
2026-04-04,NOR,82,34900,0
2026-04-04,VOL,20,39900,0
2026-04-04,ARI,26,31200,0
2026-04-04,BRI,16,27800,0
2026-04-05,VEL,17,21500,0
2026-04-05,NOR,19,34900,0
2026-04-05,VOL,7,39900,0
2026-04-05,ARI,7,31200,0
2026-04-05,BRI,4,27800,0
2026-04-06,VEL,27,21500,0
2026-04-06,NOR,55,34900,0
2026-04-06,VOL,23,39900,0
2026-04-06,ARI,18,31200,0
2026-04-06,BRI,13,27800,0
2026-04-07,VEL,36,21500,0
2026-04-07,NOR,49,34900,0
2026-04-07,VOL,19,39900,0
2026-04-07,ARI,22,31200,0
2026-04-07,BRI,14,27800,0
2026-04-08,VEL,25,21500,0
2026-04-08,NOR,43,34900,0
2026-04-08,VOL,24,39900,0
2026-04-08,ARI,14,31200,0
2026-04-08,BRI,21,27800,0
2026-04-09,VEL,24,21500,0
2026-04-09,NOR,82,34900,0
2026-04-09,VOL,18,39900,0
2026-04-09,ARI,21,31200,0
2026-04-09,BRI,16,27800,0
2026-04-10,VEL,42,21500,0
2026-04-10,NOR,63,34900,0
2026-04-10,VOL,28,39900,0
2026-04-10,ARI,23,31200,0
2026-04-10,BRI,26,27800,0
2026-04-11,VEL,46,21500,0
2026-04-11,NOR,65,34900,0
2026-04-11,VOL,36,39900,0
2026-04-11,ARI,20,31200,0
2026-04-11,BRI,22,27800,0
2026-04-12,VEL,11,21500,0
2026-04-12,NOR,24,34900,0
2026-04-12,VOL,9,39900,0
2026-04-12,ARI,6,31200,0
2026-04-12,BRI,5,27800,0
2026-04-13,VEL,31,21500,0
2026-04-13,NOR,68,34900,0
2026-04-13,VOL,23,39900,0
2026-04-13,ARI,16,31200,0
2026-04-13,BRI,19,27800,0
2026-04-14,VEL,41,21500,0
2026-04-14,NOR,56,34900,0
2026-04-14,VOL,22,39900,0
2026-04-14,ARI,20,31200,0
2026-04-14,BRI,14,27800,0
2026-04-15,VEL,27,21500,0
2026-04-15,NOR,51,34900,0
2026-04-15,VOL,15,39900,0
2026-04-15,ARI,17,31200,0
2026-04-15,BRI,17,27800,0
2026-04-16,VEL,34,21500,0
2026-04-16,NOR,73,34900,0
2026-04-16,VOL,20,39900,0
2026-04-16,ARI,18,31200,0
2026-04-16,BRI,20,27800,0
2026-04-17,VEL,23,21500,0
2026-04-17,NOR,75,34900,0
2026-04-17,VOL,33,39900,0
2026-04-17,ARI,28,31200,0
2026-04-17,BRI,22,27800,0
2026-04-18,VEL,35,21500,0
2026-04-18,NOR,90,34900,0
2026-04-18,VOL,24,39900,0
2026-04-18,ARI,17,31200,0
2026-04-18,BRI,19,27800,0
2026-04-19,VEL,15,21500,0
2026-04-19,NOR,24,34900,0
2026-04-19,VOL,9,39900,0
2026-04-19,ARI,4,31200,0
2026-04-19,BRI,6,27800,0
2026-04-20,VEL,45,21500,0
2026-04-20,NOR,52,34900,0
2026-04-20,VOL,27,39900,0
2026-04-20,ARI,19,31200,0
2026-04-20,BRI,18,27800,0
2026-04-21,VEL,36,21500,0
2026-04-21,NOR,42,34900,0
2026-04-21,VOL,26,39900,0
2026-04-21,ARI,17,31200,0
2026-04-21,BRI,18,27800,0
2026-04-22,VEL,36,21500,0
2026-04-22,NOR,50,34900,0
2026-04-22,VOL,29,39900,0
2026-04-22,ARI,18,31200,0
2026-04-22,BRI,20,27800,0
2026-04-23,VEL,40,21500,0
2026-04-23,NOR,84,34900,0
2026-04-23,VOL,26,39900,0
2026-04-23,ARI,14,31200,0
2026-04-23,BRI,16,27800,0
2026-04-24,VEL,28,21500,0
2026-04-24,NOR,55,34900,0
2026-04-24,VOL,31,39900,0
2026-04-24,ARI,27,31200,0
2026-04-24,BRI,21,27800,0
2026-04-25,VEL,51,21500,0
2026-04-25,NOR,83,34900,0
2026-04-25,VOL,31,39900,0
2026-04-25,ARI,24,31200,0
2026-04-25,BRI,19,27800,0
2026-04-26,VEL,12,21500,0
2026-04-26,NOR,26,34900,0
2026-04-26,VOL,8,39900,0
2026-04-26,ARI,3,31200,0
2026-04-26,BRI,8,27800,0
2026-04-27,VEL,47,21500,0
2026-04-27,NOR,57,34900,0
2026-04-27,VOL,22,39900,0
2026-04-27,ARI,14,31200,0
2026-04-27,BRI,18,27800,0
2026-04-28,VEL,45,21500,0
2026-04-28,NOR,89,34900,0
2026-04-28,VOL,24,39900,0
2026-04-28,ARI,15,31200,0
2026-04-28,BRI,21,27800,0
2026-04-29,VEL,35,21500,0
2026-04-29,NOR,44,34900,0
2026-04-29,VOL,23,39900,0
2026-04-29,ARI,16,31200,0
2026-04-29,BRI,15,27800,0
2026-04-30,VEL,47,21500,0
2026-04-30,NOR,46,34900,0
2026-04-30,VOL,25,39900,0
2026-04-30,ARI,18,31200,0
2026-04-30,BRI,10,27800,0
2026-05-01,VEL,31,21500,0
2026-05-01,NOR,90,34900,0
2026-05-01,VOL,26,39900,0
2026-05-01,ARI,19,31200,0
2026-05-01,BRI,24,27800,0
2026-05-02,VEL,50,21500,0
2026-05-02,NOR,62,34900,0
2026-05-02,VOL,35,39900,0
2026-05-02,ARI,23,31200,0
2026-05-02,BRI,19,27800,0
2026-05-03,VEL,12,21500,0
2026-05-03,NOR,16,34900,0
2026-05-03,VOL,7,39900,0
2026-05-03,ARI,6,31200,0
2026-05-03,BRI,8,27800,0
2026-05-04,VEL,43,21500,0
2026-05-04,NOR,57,34900,0
2026-05-04,VOL,31,39900,0
2026-05-04,ARI,19,31200,0
2026-05-04,BRI,24,27800,0
2026-05-05,VEL,55,21500,0
2026-05-05,NOR,72,34900,0
2026-05-05,VOL,29,39900,0
2026-05-05,ARI,12,31200,0
2026-05-05,BRI,20,27800,0
2026-05-06,VEL,38,21500,0
2026-05-06,NOR,59,34900,0
2026-05-06,VOL,23,39900,0
2026-05-06,ARI,21,31200,0
2026-05-06,BRI,26,27800,0
2026-05-07,VEL,48,21500,0
2026-05-07,NOR,82,34900,0
2026-05-07,VOL,34,39900,0
2026-05-07,ARI,14,31200,0
2026-05-07,BRI,19,27800,0
2026-05-08,VEL,48,21500,0
2026-05-08,NOR,70,34900,0
2026-05-08,VOL,24,39900,0
2026-05-08,ARI,20,31200,0
2026-05-08,BRI,23,27800,0
2026-05-09,VEL,54,21500,0
2026-05-09,NOR,69,34900,0
2026-05-09,VOL,39,39900,0
2026-05-09,ARI,17,31200,0
2026-05-09,BRI,20,27800,0
2026-05-10,VEL,12,21500,0
2026-05-10,NOR,19,34900,0
2026-05-10,VOL,8,39900,0
2026-05-10,ARI,9,31200,0
2026-05-10,BRI,7,27800,0
2026-05-11,VEL,40,21500,0
2026-05-11,NOR,60,34900,0
2026-05-11,VOL,25,39900,0
2026-05-11,ARI,17,31200,0
2026-05-11,BRI,20,27800,0
2026-05-12,VEL,41,21500,0
2026-05-12,NOR,44,34900,0
2026-05-12,VOL,25,39900,0
2026-05-12,ARI,18,31200,0
2026-05-12,BRI,17,27800,0
2026-05-13,VEL,38,21500,0
2026-05-13,NOR,73,34900,0
2026-05-13,VOL,32,39900,0
2026-05-13,ARI,24,31200,0
2026-05-13,BRI,16,27800,0
2026-05-14,VEL,35,21500,0
2026-05-14,NOR,56,34900,0
2026-05-14,VOL,21,39900,0
2026-05-14,ARI,21,31200,0
2026-05-14,BRI,20,27800,0
2026-05-15,VEL,55,21500,0
2026-05-15,NOR,58,34900,0
2026-05-15,VOL,40,39900,0
2026-05-15,ARI,24,31200,0
2026-05-15,BRI,15,27800,0
2026-05-16,VEL,51,21500,0
2026-05-16,NOR,84,34900,0
2026-05-16,VOL,22,39900,0
2026-05-16,ARI,30,31200,0
2026-05-16,BRI,30,27800,0
2026-05-17,VEL,13,21500,0
2026-05-17,NOR,25,34900,0
2026-05-17,VOL,10,39900,0
2026-05-17,ARI,5,31200,0
2026-05-17,BRI,7,27800,0
2026-05-18,VEL,39,21500,0
2026-05-18,NOR,72,34900,0
2026-05-18,VOL,26,39900,0
2026-05-18,ARI,18,31200,0
2026-05-18,BRI,22,27800,0
2026-05-19,VEL,46,21500,0
2026-05-19,NOR,66,34900,0
2026-05-19,VOL,29,39900,0
2026-05-19,ARI,20,31200,0
2026-05-19,BRI,14,27800,0
2026-05-20,VEL,53,21500,0
2026-05-20,NOR,73,34900,0
2026-05-20,VOL,24,39900,0
2026-05-20,ARI,18,31200,0
2026-05-20,BRI,25,27800,0
2026-05-21,VEL,39,21500,0
2026-05-21,NOR,49,34900,0
2026-05-21,VOL,20,39900,0
2026-05-21,ARI,21,31200,0
2026-05-21,BRI,16,27800,0
2026-05-22,VEL,43,21500,0
2026-05-22,NOR,79,34900,0
2026-05-22,VOL,21,39900,0
2026-05-22,ARI,23,31200,0
2026-05-22,BRI,24,27800,0
2026-05-23,VEL,36,21500,0
2026-05-23,NOR,88,34900,0
2026-05-23,VOL,28,39900,0
2026-05-23,ARI,21,31200,0
2026-05-23,BRI,25,27800,0
2026-05-24,VEL,13,21500,0
2026-05-24,NOR,22,34900,0
2026-05-24,VOL,10,39900,0
2026-05-24,ARI,9,31200,0
2026-05-24,BRI,8,27800,0
2026-05-25,VEL,47,21500,0
2026-05-25,NOR,39,34900,0
2026-05-25,VOL,27,39900,0
2026-05-25,ARI,17,31200,0
2026-05-25,BRI,16,27800,0
2026-05-26,VEL,38,21500,0
2026-05-26,NOR,70,34900,0
2026-05-26,VOL,26,39900,0
2026-05-26,ARI,14,31200,0
2026-05-26,BRI,17,27800,0
2026-05-27,VEL,48,21500,0
2026-05-27,NOR,85,34900,0
2026-05-27,VOL,25,39900,0
2026-05-27,ARI,13,31200,0
2026-05-27,BRI,24,27800,0
2026-05-28,VEL,44,21500,0
2026-05-28,NOR,71,34900,0
2026-05-28,VOL,22,39900,0
2026-05-28,ARI,17,31200,0
2026-05-28,BRI,20,27800,0
2026-05-29,VEL,51,21500,0
2026-05-29,NOR,65,34900,0
2026-05-29,VOL,23,39900,0
2026-05-29,ARI,28,31200,0
2026-05-29,BRI,25,27800,0
2026-05-30,VEL,43,21500,0
2026-05-30,NOR,85,34900,0
2026-05-30,VOL,21,39900,0
2026-05-30,ARI,24,31200,0
2026-05-30,BRI,23,27800,0
2026-05-31,VEL,17,21500,0
2026-05-31,NOR,20,34900,0
2026-05-31,VOL,9,39900,0
2026-05-31,ARI,6,31200,0
2026-05-31,BRI,7,27800,0
2026-06-01,VEL,31,21500,0
2026-06-01,NOR,115,34900,0
2026-06-01,VOL,33,39900,0
2026-06-01,ARI,15,31200,0
2026-06-01,BRI,15,27800,0
2026-06-02,VEL,28,21500,0
2026-06-02,NOR,61,34900,0
2026-06-02,VOL,25,39900,0
2026-06-02,ARI,28,31200,0
2026-06-02,BRI,22,27800,0
2026-06-03,VEL,44,21500,0
2026-06-03,NOR,63,34900,0
2026-06-03,VOL,36,39900,0
2026-06-03,ARI,20,31200,0
2026-06-03,BRI,37,27800,0
2026-06-04,VEL,60,21500,0
2026-06-04,NOR,50,34900,0
2026-06-04,VOL,28,39900,0
2026-06-04,ARI,28,31200,0
2026-06-04,BRI,27,27800,0
2026-06-05,VEL,63,21500,0
2026-06-05,NOR,104,34900,0
2026-06-05,VOL,36,39900,0
2026-06-05,ARI,21,31200,0
2026-06-05,BRI,24,27800,0
2026-06-06,VEL,46,21500,0
2026-06-06,NOR,104,34900,0
2026-06-06,VOL,30,39900,0
2026-06-06,ARI,23,31200,0
2026-06-06,BRI,27,27800,0
2026-06-07,VEL,19,21500,0
2026-06-07,NOR,21,34900,0
2026-06-07,VOL,8,39900,0
2026-06-07,ARI,6,31200,0
2026-06-07,BRI,7,27800,0
2026-06-08,VEL,54,21500,0
2026-06-08,NOR,77,34900,0
2026-06-08,VOL,23,39900,0
2026-06-08,ARI,27,31200,0
2026-06-08,BRI,17,27800,0
2026-06-09,VEL,49,21500,0
2026-06-09,NOR,48,34900,0
2026-06-09,VOL,34,39900,0
2026-06-09,ARI,21,31200,0
2026-06-09,BRI,27,27800,0
2026-06-10,VEL,50,21500,0
2026-06-10,NOR,72,34900,0
2026-06-10,VOL,19,39900,0
2026-06-10,ARI,21,31200,0
2026-06-10,BRI,29,27800,0
2026-06-11,VEL,41,21500,0
2026-06-11,NOR,88,34900,0
2026-06-11,VOL,41,39900,0
2026-06-11,ARI,25,31200,0
2026-06-11,BRI,25,27800,0
2026-06-12,VEL,62,21500,0
2026-06-12,NOR,90,34900,0
2026-06-12,VOL,35,39900,0
2026-06-12,ARI,24,31200,0
2026-06-12,BRI,21,27800,0
2026-06-13,VEL,51,21500,0
2026-06-13,NOR,92,34900,0
2026-06-13,VOL,42,39900,0
2026-06-13,ARI,24,31200,0
2026-06-13,BRI,30,27800,0
2026-06-14,VEL,19,21500,0
2026-06-14,NOR,21,34900,0
2026-06-14,VOL,9,39900,0
2026-06-14,ARI,4,31200,0
2026-06-14,BRI,6,27800,0
2026-06-15,VEL,42,21500,0
2026-06-15,NOR,57,34900,0
2026-06-15,VOL,23,39900,0
2026-06-15,ARI,18,31200,0
2026-06-15,BRI,21,27800,0
2026-06-16,VEL,50,21500,0
2026-06-16,NOR,60,34900,0
2026-06-16,VOL,30,39900,0
2026-06-16,ARI,26,31200,0
2026-06-16,BRI,25,27800,0
2026-06-17,VEL,28,21500,0
2026-06-17,NOR,73,34900,0
2026-06-17,VOL,35,39900,0
2026-06-17,ARI,14,31200,0
2026-06-17,BRI,24,27800,0
2026-06-18,VEL,52,21500,0
2026-06-18,NOR,68,34900,0
2026-06-18,VOL,21,39900,0
2026-06-18,ARI,20,31200,0
2026-06-18,BRI,21,27800,0
2026-06-19,VEL,50,21500,0
2026-06-19,NOR,97,34900,0
2026-06-19,VOL,23,39900,0
2026-06-19,ARI,22,31200,0
2026-06-19,BRI,21,27800,0
2026-06-20,VEL,67,21500,0
2026-06-20,NOR,69,34900,0
2026-06-20,VOL,38,39900,0
2026-06-20,ARI,21,31200,0
2026-06-20,BRI,30,27800,0
2026-06-21,VEL,16,21500,0
2026-06-21,NOR,20,34900,0
2026-06-21,VOL,12,39900,0
2026-06-21,ARI,6,31200,0
2026-06-21,BRI,6,27800,0
2026-06-22,VEL,32,21500,0
2026-06-22,NOR,61,34900,0
2026-06-22,VOL,35,39900,0
2026-06-22,ARI,23,31200,0
2026-06-22,BRI,20,27800,0
2026-06-23,VEL,67,21500,0
2026-06-23,NOR,94,34900,0
2026-06-23,VOL,32,39900,0
2026-06-23,ARI,17,31200,0
2026-06-23,BRI,18,27800,0
2026-06-24,VEL,51,21500,0
2026-06-24,NOR,59,34900,0
2026-06-24,VOL,34,39900,0
2026-06-24,ARI,16,31200,0
2026-06-24,BRI,30,27800,0
2026-06-25,VEL,39,21500,0
2026-06-25,NOR,72,34900,0
2026-06-25,VOL,28,39900,0
2026-06-25,ARI,20,31200,0
2026-06-25,BRI,25,27800,0
2026-06-26,VEL,54,21500,0
2026-06-26,NOR,85,34900,0
2026-06-26,VOL,35,39900,0
2026-06-26,ARI,30,31200,0
2026-06-26,BRI,33,27800,0
2026-06-27,VEL,39,21500,0
2026-06-27,NOR,106,34900,0
2026-06-27,VOL,25,39900,0
2026-06-27,ARI,22,31200,0
2026-06-27,BRI,23,27800,0
2026-06-28,VEL,14,21500,0
2026-06-28,NOR,32,34900,0
2026-06-28,VOL,9,39900,0
2026-06-28,ARI,8,31200,0
2026-06-28,BRI,7,27800,0
2026-06-29,VEL,51,21500,0
2026-06-29,NOR,85,34900,0
2026-06-29,VOL,30,39900,0
2026-06-29,ARI,21,31200,0
2026-06-29,BRI,19,27800,0
2026-06-30,VEL,39,21500,0
2026-06-30,NOR,66,34900,0
2026-06-30,VOL,31,39900,0
2026-06-30,ARI,18,31200,0
2026-06-30,BRI,18,27800,0
2026-07-01,VEL,38,21500,0
2026-07-01,NOR,64,34900,0
2026-07-01,VOL,20,39900,0
2026-07-01,ARI,20,31200,0
2026-07-01,BRI,19,27800,0
2026-07-02,VEL,58,21500,0
2026-07-02,NOR,65,34900,0
2026-07-02,VOL,35,39900,0
2026-07-02,ARI,20,31200,0
2026-07-02,BRI,26,27800,0
2026-07-03,VEL,45,21500,0
2026-07-03,NOR,61,34900,0
2026-07-03,VOL,39,39900,0
2026-07-03,ARI,26,31200,0
2026-07-03,BRI,27,27800,0
2026-07-04,VEL,47,21500,0
2026-07-04,NOR,89,34900,0
2026-07-04,VOL,40,39900,0
2026-07-04,ARI,17,31200,0
2026-07-04,BRI,20,27800,0
2026-07-05,VEL,14,21500,0
2026-07-05,NOR,20,34900,0
2026-07-05,VOL,9,39900,0
2026-07-05,ARI,6,31200,0
2026-07-05,BRI,7,27800,0
2026-07-06,VEL,51,21500,0
2026-07-06,NOR,32,34900,0
2026-07-06,VOL,34,39900,0
2026-07-06,ARI,23,31200,0
2026-07-06,BRI,26,27800,0
2026-07-07,VEL,41,21500,0
2026-07-07,NOR,81,34900,0
2026-07-07,VOL,22,39900,0
2026-07-07,ARI,22,31200,0
2026-07-07,BRI,24,27800,0
2026-07-08,VEL,40,21500,0
2026-07-08,NOR,86,34900,0
2026-07-08,VOL,26,39900,0
2026-07-08,ARI,22,31200,0
2026-07-08,BRI,26,27800,0
2026-07-09,VEL,36,21500,0
2026-07-09,NOR,88,34900,0
2026-07-09,VOL,29,39900,0
2026-07-09,ARI,16,31200,0
2026-07-09,BRI,17,27800,0
2026-07-10,VEL,35,21500,0
2026-07-10,NOR,65,34900,0
2026-07-10,VOL,28,39900,0
2026-07-10,ARI,28,31200,0
2026-07-10,BRI,22,27800,0
2026-07-11,VEL,52,21500,0
2026-07-11,NOR,74,34900,0
2026-07-11,VOL,41,39900,0
2026-07-11,ARI,23,31200,0
2026-07-11,BRI,24,27800,0
2026-07-12,VEL,14,21500,0
2026-07-12,NOR,22,34900,0
2026-07-12,VOL,10,39900,0
2026-07-12,ARI,5,31200,0
2026-07-12,BRI,7,27800,0
2026-07-13,VEL,41,21500,0
2026-07-13,NOR,66,34900,0
2026-07-13,VOL,31,39900,0
2026-07-13,ARI,18,31200,0
2026-07-13,BRI,22,27800,0
2026-07-14,VEL,46,21500,0
2026-07-14,NOR,63,34900,0
2026-07-14,VOL,26,39900,0
2026-07-14,ARI,24,31200,0
2026-07-14,BRI,17,27800,0
2026-07-15,VEL,53,21500,0
2026-07-15,NOR,67,34900,0
2026-07-15,VOL,28,39900,0
2026-07-15,ARI,19,31200,0
2026-07-15,BRI,19,27800,0
2026-07-16,VEL,38,21500,0
2026-07-16,NOR,81,34900,0
2026-07-16,VOL,19,39900,0
2026-07-16,ARI,17,31200,0
2026-07-16,BRI,22,27800,0
2026-07-17,VEL,26,21500,0
2026-07-17,NOR,109,34900,0
2026-07-17,VOL,28,39900,0
2026-07-17,ARI,27,31200,0
2026-07-17,BRI,29,27800,0
2026-07-18,VEL,50,21500,0
2026-07-18,NOR,87,34900,0
2026-07-18,VOL,35,39900,0
2026-07-18,ARI,21,31200,0
2026-07-18,BRI,26,27800,0
2026-07-19,VEL,18,21500,0
2026-07-19,NOR,30,34900,0
2026-07-19,VOL,9,39900,0
2026-07-19,ARI,6,31200,0
2026-07-19,BRI,4,27800,0
2026-07-20,VEL,25,21500,0
2026-07-20,NOR,84,34900,0
2026-07-20,VOL,31,39900,0
2026-07-20,ARI,23,31200,0
2026-07-20,BRI,21,27800,0
2026-07-21,VEL,41,21500,0
2026-07-21,NOR,48,34900,0
2026-07-21,VOL,16,39900,0
2026-07-21,ARI,17,31200,0
2026-07-21,BRI,16,27800,0
2026-07-22,VEL,33,21500,0
2026-07-22,NOR,82,34900,0
2026-07-22,VOL,30,39900,0
2026-07-22,ARI,17,31200,0
2026-07-22,BRI,25,27800,0
2026-07-23,VEL,39,21500,0
2026-07-23,NOR,75,34900,0
2026-07-23,VOL,27,39900,0
2026-07-23,ARI,19,31200,0
2026-07-23,BRI,20,27800,0
2026-07-24,VEL,50,21500,0
2026-07-24,NOR,68,34900,0
2026-07-24,VOL,33,39900,0
2026-07-24,ARI,21,31200,0
2026-07-24,BRI,24,27800,0
2026-07-25,VEL,45,21500,0
2026-07-25,NOR,104,34900,0
2026-07-25,VOL,40,39900,0
2026-07-25,ARI,20,31200,0
2026-07-25,BRI,17,27800,0
2026-07-26,VEL,17,21500,0
2026-07-26,NOR,19,34900,0
2026-07-26,VOL,8,39900,0
2026-07-26,ARI,6,31200,0
2026-07-26,BRI,9,27800,0
2026-07-27,VEL,54,21500,0
2026-07-27,NOR,83,34900,0
2026-07-27,VOL,34,39900,0
2026-07-27,ARI,14,31200,0
2026-07-27,BRI,18,27800,0
2026-07-28,VEL,58,21500,0
2026-07-28,NOR,61,34900,0
2026-07-28,VOL,22,39900,0
2026-07-28,ARI,24,31200,0
2026-07-28,BRI,21,27800,0
2026-07-29,VEL,46,21500,0
2026-07-29,NOR,56,34900,0
2026-07-29,VOL,27,39900,0
2026-07-29,ARI,18,31200,0
2026-07-29,BRI,19,27800,0
2026-07-30,VEL,66,21500,0
2026-07-30,NOR,71,34900,0
2026-07-30,VOL,26,39900,0
2026-07-30,ARI,24,31200,0
2026-07-30,BRI,17,27800,0
2026-07-31,VEL,38,21500,0
2026-07-31,NOR,82,34900,0
2026-07-31,VOL,36,39900,0
2026-07-31,ARI,17,31200,0
2026-07-31,BRI,23,27800,0
2026-08-01,VEL,33,21500,0
2026-08-01,NOR,52,34900,0
2026-08-01,VOL,18,39900,0
2026-08-01,ARI,13,31200,0
2026-08-01,BRI,11,27800,0
2026-08-02,VEL,7,21500,0
2026-08-02,NOR,9,34900,0
2026-08-02,VOL,5,39900,0
2026-08-02,ARI,3,31200,0
2026-08-02,BRI,4,27800,0
2026-08-03,VEL,33,21500,0
2026-08-03,NOR,40,34900,0
2026-08-03,VOL,17,39900,0
2026-08-03,ARI,12,31200,0
2026-08-03,BRI,11,27800,0
2026-08-04,VEL,30,21500,0
2026-08-04,NOR,53,34900,0
2026-08-04,VOL,18,39900,0
2026-08-04,ARI,11,31200,0
2026-08-04,BRI,11,27800,0
2026-08-05,VEL,26,21500,0
2026-08-05,NOR,35,34900,0
2026-08-05,VOL,13,39900,0
2026-08-05,ARI,10,31200,0
2026-08-05,BRI,10,27800,0
2026-08-06,VEL,21,21500,0
2026-08-06,NOR,47,34900,0
2026-08-06,VOL,17,39900,0
2026-08-06,ARI,10,31200,0
2026-08-06,BRI,11,27800,0
2026-08-07,VEL,28,21500,0
2026-08-07,NOR,49,34900,0
2026-08-07,VOL,18,39900,0
2026-08-07,ARI,13,31200,0
2026-08-07,BRI,15,27800,0
2026-08-08,VEL,38,21500,0
2026-08-08,NOR,64,34900,0
2026-08-08,VOL,20,39900,0
2026-08-08,ARI,12,31200,0
2026-08-08,BRI,17,27800,0
2026-08-09,VEL,11,21500,0
2026-08-09,NOR,21,34900,0
2026-08-09,VOL,5,39900,0
2026-08-09,ARI,4,31200,0
2026-08-09,BRI,6,27800,0
2026-08-10,VEL,26,21500,0
2026-08-10,NOR,45,34900,0
2026-08-10,VOL,18,39900,0
2026-08-10,ARI,10,31200,0
2026-08-10,BRI,13,27800,0
2026-08-11,VEL,29,21500,0
2026-08-11,NOR,39,34900,0
2026-08-11,VOL,16,39900,0
2026-08-11,ARI,13,31200,0
2026-08-11,BRI,16,27800,0
2026-08-12,VEL,24,21500,0
2026-08-12,NOR,51,34900,0
2026-08-12,VOL,16,39900,0
2026-08-12,ARI,12,31200,0
2026-08-12,BRI,14,27800,0
2026-08-13,VEL,30,21500,0
2026-08-13,NOR,45,34900,0
2026-08-13,VOL,13,39900,0
2026-08-13,ARI,11,31200,0
2026-08-13,BRI,15,27800,0
2026-08-14,VEL,29,21500,0
2026-08-14,NOR,52,34900,0
2026-08-14,VOL,14,39900,0
2026-08-14,ARI,14,31200,0
2026-08-14,BRI,10,27800,0
2026-08-15,VEL,29,21500,0
2026-08-15,NOR,44,34900,0
2026-08-15,VOL,22,39900,0
2026-08-15,ARI,14,31200,0
2026-08-15,BRI,7,27800,0
2026-08-16,VEL,8,21500,0
2026-08-16,NOR,17,34900,0
2026-08-16,VOL,5,39900,0
2026-08-16,ARI,3,31200,0
2026-08-16,BRI,5,27800,0
2026-08-17,VEL,32,21500,0
2026-08-17,NOR,61,34900,0
2026-08-17,VOL,21,39900,0
2026-08-17,ARI,13,31200,0
2026-08-17,BRI,10,27800,0
2026-08-18,VEL,27,21500,0
2026-08-18,NOR,45,34900,0
2026-08-18,VOL,25,39900,0
2026-08-18,ARI,12,31200,0
2026-08-18,BRI,10,27800,0
2026-08-19,VEL,20,21500,0
2026-08-19,NOR,57,34900,0
2026-08-19,VOL,18,39900,0
2026-08-19,ARI,10,31200,0
2026-08-19,BRI,14,27800,0
2026-08-20,VEL,21,21500,0
2026-08-20,NOR,43,34900,0
2026-08-20,VOL,19,39900,0
2026-08-20,ARI,9,31200,0
2026-08-20,BRI,12,27800,0
2026-08-21,VEL,44,21500,0
2026-08-21,NOR,61,34900,0
2026-08-21,VOL,22,39900,0
2026-08-21,ARI,12,31200,0
2026-08-21,BRI,18,27800,0
2026-08-22,VEL,35,21500,0
2026-08-22,NOR,50,34900,0
2026-08-22,VOL,14,39900,0
2026-08-22,ARI,10,31200,0
2026-08-22,BRI,11,27800,0
2026-08-23,VEL,9,21500,0
2026-08-23,NOR,13,34900,0
2026-08-23,VOL,7,39900,0
2026-08-23,ARI,4,31200,0
2026-08-23,BRI,4,27800,0
2026-08-24,VEL,27,21500,0
2026-08-24,NOR,49,34900,0
2026-08-24,VOL,15,39900,0
2026-08-24,ARI,11,31200,0
2026-08-24,BRI,15,27800,0
2026-08-25,VEL,23,21500,0
2026-08-25,NOR,36,34900,0
2026-08-25,VOL,16,39900,0
2026-08-25,ARI,13,31200,0
2026-08-25,BRI,15,27800,0
2026-08-26,VEL,25,21500,0
2026-08-26,NOR,57,34900,0
2026-08-26,VOL,13,39900,0
2026-08-26,ARI,9,31200,0
2026-08-26,BRI,17,27800,0
2026-08-27,VEL,33,21500,0
2026-08-27,NOR,45,34900,0
2026-08-27,VOL,21,39900,0
2026-08-27,ARI,16,31200,0
2026-08-27,BRI,11,27800,0
2026-08-28,VEL,33,21500,0
2026-08-28,NOR,50,34900,0
2026-08-28,VOL,18,39900,0
2026-08-28,ARI,13,31200,0
2026-08-28,BRI,17,27800,0
2026-08-29,VEL,27,21500,0
2026-08-29,NOR,45,34900,0
2026-08-29,VOL,17,39900,0
2026-08-29,ARI,18,31200,0
2026-08-29,BRI,18,27800,0
2026-08-30,VEL,9,21500,0
2026-08-30,NOR,21,34900,0
2026-08-30,VOL,5,39900,0
2026-08-30,ARI,3,31200,0
2026-08-30,BRI,3,27800,0
2026-08-31,VEL,31,21500,0
2026-08-31,NOR,29,34900,0
2026-08-31,VOL,14,39900,0
2026-08-31,ARI,9,31200,0
2026-08-31,BRI,13,27800,0
2026-09-01,VEL,29,21500,0
2026-09-01,NOR,46,34900,0
2026-09-01,VOL,23,39900,0
2026-09-01,ARI,16,31200,0
2026-09-01,BRI,10,27800,0
2026-09-02,VEL,29,21500,0
2026-09-02,NOR,56,34900,0
2026-09-02,VOL,21,39900,0
2026-09-02,ARI,21,31200,0
2026-09-02,BRI,20,27800,0
2026-09-03,VEL,50,21500,0
2026-09-03,NOR,68,34900,0
2026-09-03,VOL,18,39900,0
2026-09-03,ARI,16,31200,0
2026-09-03,BRI,14,27800,0
2026-09-04,VEL,31,21500,0
2026-09-04,NOR,68,34900,0
2026-09-04,VOL,24,39900,0
2026-09-04,ARI,19,31200,0
2026-09-04,BRI,20,27800,0
2026-09-05,VEL,26,21500,0
2026-09-05,NOR,72,34900,0
2026-09-05,VOL,30,39900,0
2026-09-05,ARI,18,31200,0
2026-09-05,BRI,14,27800,0
2026-09-06,VEL,9,21500,0
2026-09-06,NOR,24,34900,0
2026-09-06,VOL,7,39900,0
2026-09-06,ARI,5,31200,0
2026-09-06,BRI,6,27800,0
2026-09-07,VEL,40,21500,0
2026-09-07,NOR,51,34900,0
2026-09-07,VOL,23,39900,0
2026-09-07,ARI,14,31200,0
2026-09-07,BRI,12,27800,0
2026-09-08,VEL,40,21500,0
2026-09-08,NOR,52,34900,0
2026-09-08,VOL,22,39900,0
2026-09-08,ARI,21,31200,0
2026-09-08,BRI,8,27800,0
2026-09-09,VEL,44,21500,0
2026-09-09,NOR,26,34900,0
2026-09-09,VOL,20,39900,0
2026-09-09,ARI,13,31200,0
2026-09-09,BRI,16,27800,0
2026-09-10,VEL,40,21500,0
2026-09-10,NOR,48,34900,0
2026-09-10,VOL,30,39900,0
2026-09-10,ARI,18,31200,0
2026-09-10,BRI,16,27800,0
2026-09-11,VEL,11,21500,0
2026-09-11,NOR,72,34900,0
2026-09-11,VOL,23,39900,0
2026-09-11,ARI,14,31200,0
2026-09-11,BRI,15,27800,0
2026-09-12,VEL,42,21500,0
2026-09-12,NOR,54,34900,0
2026-09-12,VOL,25,39900,0
2026-09-12,ARI,15,31200,0
2026-09-12,BRI,16,27800,0
2026-09-13,VEL,12,21500,0
2026-09-13,NOR,16,34900,0
2026-09-13,VOL,5,39900,0
2026-09-13,ARI,6,31200,0
2026-09-13,BRI,5,27800,0
2026-09-14,VEL,50,21500,0
2026-09-14,NOR,84,34900,0
2026-09-14,VOL,16,39900,0
2026-09-14,ARI,23,31200,0
2026-09-14,BRI,13,27800,0
2026-09-15,VEL,43,21500,0
2026-09-15,NOR,50,34900,0
2026-09-15,VOL,26,39900,0
2026-09-15,ARI,10,31200,0
2026-09-15,BRI,18,27800,0
2026-09-16,VEL,36,21500,0
2026-09-16,NOR,69,34900,0
2026-09-16,VOL,21,39900,0
2026-09-16,ARI,17,31200,0
2026-09-16,BRI,17,27800,0
2026-09-17,VEL,52,21500,0
2026-09-17,NOR,44,34900,0
2026-09-17,VOL,28,39900,0
2026-09-17,ARI,14,31200,0
2026-09-17,BRI,13,27800,0
2026-09-18,VEL,45,21500,0
2026-09-18,NOR,73,34900,0
2026-09-18,VOL,27,39900,0
2026-09-18,ARI,20,31200,0
2026-09-18,BRI,18,27800,0
2026-09-19,VEL,40,21500,0
2026-09-19,NOR,51,34900,0
2026-09-19,VOL,32,39900,0
2026-09-19,ARI,24,31200,0
2026-09-19,BRI,17,27800,0
2026-09-20,VEL,11,21500,0
2026-09-20,NOR,13,34900,0
2026-09-20,VOL,7,39900,0
2026-09-20,ARI,3,31200,0
2026-09-20,BRI,5,27800,0
2026-09-21,VEL,36,21500,0
2026-09-21,NOR,52,34900,0
2026-09-21,VOL,22,39900,0
2026-09-21,ARI,10,31200,0
2026-09-21,BRI,12,27800,0
2026-09-22,VEL,41,21500,0
2026-09-22,NOR,53,34900,0
2026-09-22,VOL,20,39900,0
2026-09-22,ARI,12,31200,0
2026-09-22,BRI,9,27800,0
2026-09-23,VEL,28,21500,0
2026-09-23,NOR,29,34900,0
2026-09-23,VOL,31,39900,0
2026-09-23,ARI,18,31200,0
2026-09-23,BRI,17,27800,0
2026-09-24,VEL,47,21500,0
2026-09-24,NOR,69,34900,0
2026-09-24,VOL,25,39900,0
2026-09-24,ARI,18,31200,0
2026-09-24,BRI,19,27800,0
2026-09-25,VEL,41,21500,0
2026-09-25,NOR,52,34900,0
2026-09-25,VOL,24,39900,0
2026-09-25,ARI,18,31200,0
2026-09-25,BRI,25,27800,0
2026-09-26,VEL,42,21500,0
2026-09-26,NOR,50,34900,0
2026-09-26,VOL,26,39900,0
2026-09-26,ARI,21,31200,0
2026-09-26,BRI,25,27800,0
2026-09-27,VEL,14,21500,0
2026-09-27,NOR,15,34900,0
2026-09-27,VOL,6,39900,0
2026-09-27,ARI,5,31200,0
2026-09-27,BRI,5,27800,0
2026-09-28,VEL,26,21500,0
2026-09-28,NOR,45,34900,0
2026-09-28,VOL,26,39900,0
2026-09-28,ARI,17,31200,0
2026-09-28,BRI,15,27800,0
2026-09-29,VEL,38,21500,0
2026-09-29,NOR,41,34900,0
2026-09-29,VOL,25,39900,0
2026-09-29,ARI,19,31200,0
2026-09-29,BRI,12,27800,0
2026-09-30,VEL,31,21500,0
2026-09-30,NOR,60,34900,0
2026-09-30,VOL,18,39900,0
2026-09-30,ARI,17,31200,0
2026-09-30,BRI,14,27800,0